Code,Title,Points1_2019,Points2_2019,Mid_2019,Points1_2020,Points2_2020,Mid_2020,Points1_2021,Points2_2021,Mid_2021
AC120,International Business,234,,269,209,,280.0,294,294.0,352.0
AC137,Liberal Arts,252,,275,252,,270.0,271,270.0,334.0
AD101,First Year Art & Design (Common Entry),,, 550,,,,554,,604.0
AD102,Graphic Design and Moving Image Design,,, 635,,,,538,,625.0
AD103,Textile & Surface Design and Jewellery & Objects,,, 545,,,,505,,581.0
AD202,"Education & Design or Fine Art (Second Level Teaching,portfolio))",,, 580,,,,591,,620.0
AD204,Fine Art,,, 600,,,,514,,583.0
AD211,Fashion Design (portfolio),,, 600,,,,760,679.0,679.0
AD212,Product Design (portfolio),,, 600,,,,413,,569.0
AD215,Visual Culture,300,,338,377,320,389.0,337,300.0,380.0
AD217,Illustration,,, 625,,,,738,,
AD222,Interaction Design (portfolio),,, 657,,,,444,,488.0
AL801,Software Design with Virtual Reality and Gaming,304,,328,303,,367.0,300,,359.0
AL802,Software Design with Artificial Intelligence for Cloud Computing,301,,306,332,,382.0,313,,381.0
AL803,Software Design with Mobile Apps and Connected Devices,309,,337,337,,360.0,350,,398.0
AL805,Computer Engineering for Network Infrastructure,329,,442,333,,360.0,321,,381.0
AL810,Quantity Surveying,307,,349,319,,352.0,328,,377.0
AL811,Civil Engineering,,,,320,,432.0,,,0.0
AL820,Mechanical and Polymer Engineering,300,,358,308,,379.0,327,,398.0
AL830,General Nursing,410,,429,442,,463.0,451,444.0,455.0
AL832,Mental Health Nursing,387,,403,387,384,399.0,440,431.0,451.0
AL835,Pharmacology,,,,,,,356,,429.0
AL836,Nutrition and Health Science,352,,383,334,,379.0,346,,398.0
AL837,Sports Science with Exercise Physiology,351,,392,351,,384.0,357,,409.0
AL838,Biotechnology,302,,372,307,,356.0,324,,434.0
AL839,Microbiology,322,,371,325,,393.0,325,,408.0
AL840,Pharmaceutical Sciences,328,,411,347,,403.0,346,,402.0
AL841,Athletic and Rehabilitation Therapy,423,,430,430,,465.0,477,476.0,489.0
AL842,Bioveterinary Science,310,,366,313,,383.0,338,,413.0
AL843,Physical Activity and Health Science,310,,330,306,,326.0,306,,358.0
AL849,Culinary Entrepreneurship,,,,,,,297,,327.0
AL850,Business,307,,356,309,,377.0,309,,369.0
AL851,Business and Law,301,,341,295,,351.0,302,,357.0
AL852,Accounting,290,,346,309,,422.0,336,,466.0
AL853,Accounting and Law,305,,320,,,,,,
AL854,Sport Management (with international placement),,,,302,299,338.0,300,299.0,349.0
AL855,Hospitality Management (with international placement),312,,357,308,,347.0,309,,378.0
AL857,Digital Marketing,300,,360,304,,332.0,304,,398.0
AL859,International Business,,,,,,,308,,371.0
AL860,Social Care Practice,309,,338,300,,348.0,301,,359.0
AL861,Animation and Illustration (portfolio),615,,899,578,,878.0,575,,760.0
AL863,Graphic and Digital Design (portfolio),703,,898,781,,824.0,747,,808.0
AL864,Early Years Care and Education,307,,348,307,,346.0,306,,366.0
AL870,Applied Psychology,409,,445,418,,444.0,484,467.0,480.0
AS001,"Education, Home Economics and Biology - with concurrent Teacher Ed",456,,497,510,,544.0,542,533.0,555.0
AS002,"Education, Home Economics and Religious Ed - with concurrent Teacher Ed",400,,433,441,434,466.0,464,452.0,476.0
AS003,"Education, Home Economics and Irish - with concurrent Teacher Ed",421,,457,440,440,484.0,463,457.0,487.0
AS051,"Nutrition, Food and Business Management",337,,399,328,317,398.0,378,347.0,418.0
AS054,Home Economics,387,,401,408,398,429.0,440,419.0,430.0
AS110,General Nursing,391,,409,419,,431.0,440,432.0,445.0
AS130,Intellectual Disability Nursing,317,,338,336,328,339.0,387,358.0,387.0
BN101,Business,252,,289,,,,,,
BN103,Business and Information Technology,254,,290,,,,,,
BN104,Computing (Information Technology),260,,293,,,,,,
BN107,Applied Social Studies in Social Care,300,,328,,,,,,
BN108,Engineering (Common Entry with Award options),271,,318,,,,,,
BN109,Business (Common Entry with Award options),260,,279,,,,,,
BN110,International Business,253,,308,,,,,,
BN111,Sports Management and Coaching,270,,298,,,,,,
BN112,Creative Digital Media,280,,329,,,,,,
BN113,Horticulture,289,,321,,,,,,
BN114,Accounting and Finance,280,,332,,,,,,
BN115,Community and Youth Development,250,,298,,,,,,
BN117,Computer Engineering in Mobile Systems,273,,311,,,,,,
BN118,Early Childhood Care and Education,290,,320,,,,,,
BN119,Digital Marketing,270,,308,,,,,,
BN120,Digital Forensics and Cyber Security,281,,326,,,,,,
BN121,Mechatronic Engineering,276,,340,,,,,,
BN123,"Design,Technology and Innovation",297,,318,,,,,,
BY001,Business,,,,,,,210,210.0,323.0
CI101,Counselling and Psychotherapy (Limerick),276,,328,,,,,,
CI110,Counselling and Psychotherapy,,,,310,,392.0,292,,368.0
CI111,Counselling and Addiction Studies,,,,301,,319.0,290,,356.0
CI112,Counselling and Youth Studies,,,,311,,311.0,325,,388.0
CK101,Arts - 3 years,300,,368,300,,388.0,300,,400.0
CK102,Social Science,391,,431,412,,451.0,434,431.0,462.0
CK104,Arts with Music - 3 or 4 years (BMus or Chinese/European/Int`l Pathway),340,,409,302,,435.0,339,,485.0
CK105,Film and Screen Media - 3 years or 4 years (International Pathway),397,,442,368,337,418.0,421,420.0,488.0
CK107,Geographical and Archaeological Sciences - 3 or 4 years (Int`l Pathway),326,,388,328,,388.0,312,,425.0
CK108,Arts International - 4 years,429,,466,401,,466.0,440,440.0,487.0
CK109,English - 3 years or 4 years (International Pathway),347,,423,318,,441.0,367,357.0,462.0
CK110,World Languages,456,,506,452,433,506.0,488,,522.0
CK111,Early Years and Childhood Studies,398,,429,419,,451.0,409,403.0,445.0
CK112,Theatre and Performative Practices - 3 or 4 years (Int`l Pathway),324,,470,330,,434.0,371,,533.0
CK113,Criminology - 3 years or 4 years (International Pathway),408,,430,423,,463.0,464,463.0,486.0
CK114,Social Science (Youth and Community Work) - 3 years,,,,,,,,,
CK115,Social Work - Mature Applicants only,,,,,,,,,
CK116,Sports Studies and Physical Education,499,,520,,,,,,
CK118,Digital Humanities and IT - 3 or 4 years (Work Exper. or Int`l Pathway),307,,361,336,,378.0,347,339.0,444.0
CK120,Applied Psychology,506,,532,533,532,555.0,544,543.0,555.0
CK121,Psychology and Computing - 3 or 4 years (Work Experience Pathway),393,,466,466,,496.0,499,488.0,522.0
CK122,Government and Political Science,355,,410,337,328,403.0,399,,465.0
CK123,Anthropology,,,,308,,410.0,308,,429.0
CK124,Education - Gaeilge,,,,463,462,495.0,473,,522.0
CK125,Sports Studies and Physical Education,,,,510,509,532.0,564,555.0,589.0
CK201,Commerce,465,,489,477,,509.0,500,499.0,532.0
CK202,Accounting,467,,506,509,,542.0,553,543.0,566.0
CK203,Business Information Systems,409,,444,430,,467.0,455,452.0,490.0
CK204,Finance,531,,555,556,,590.0,566,566.0,601.0
CK205,Commerce (International) with French,409,,473,445,,495.0,465,,522.0
CK206,Commerce (International) with German,408,,446,420,418,476.0,466,455.0,521.0
CK207,Commerce (International) with Italian,408,,425,388,,455.0,423,418.0,441.0
CK208,Commerce (International) with Hispanic Studies,431,,455,402,,484.0,488,486.0,528.0
CK209,Commerce (International) with Irish,509,,528,484,,531.0,507,,534.0
CK211,Commerce (International) with Chinese Studies,398,,420,397,,433.0,385,,477.0
CK212,Economics (through Transformational Learning) 3 or 4 years Int`l Pathway,400,,429,444,,473.0,445,444.0,474.0
CK213,Food Marketing and Entrepreneurship,,,,462,,476.0,466,,498.0
CK214,International Development,,,,346,,422.0,332,,451.0
CK301,Law (Pathways) -  3 or 4 years,476,,519,507,499,531.0,533,532.0,556.0
CK302,Law and French,453,,531,542,,576.0,545,,564.0
CK304,Law and Irish,462,,510,540,,565.0,588,,601.0
CK307,Law and Business,522,,554,556,,589.0,589,589.0,601.0
CK401,Computer Science,402,,456,468,,509.0,503,495.0,531.0
CK402,Biological and Chemical Sciences,498,,520,510,509,532.0,555,555.0,577.0
CK404,"Biological, Earth and Environmental Sciences",412,,451,467,,498.0,500,495.0,521.0
CK405,Genetics,476,,496,487,,498.0,543,,554.0
CK406,Chemical Sciences,457,,488,485,472,494.0,532,,554.0
CK407,Mathematical Sciences,531,,578,566,565,601.0,566,,601.0
CK408,Physics and Astrophysics,511,,566,554,542,589.0,566,,601.0
CK409,Industrial Physics (offered jointly by UCC and CIT),413,,532,432,,499.0,465,,509.0
CK411,Data Science and Analytics,509,,542,510,,554.0,531,,577.0
CK412,Agricultural Science,457,,509,496,496,510.0,506,,544.0
CK502,Food Marketing and Entrepreneurship,433,,456,,,,,,
CK504,Nutritional Sciences,492,,509,518,,554.0,555,554.0,566.0
CK505,Food Science,444,,477,441,440,465.0,463,,489.0
CK506,International Development and Food Policy,367,,410,,,,,,
CK600,Engineering,465,,532,487,,532.0,510,509.0,555.0
CK606,Architecture - Offered jointly by UCC and CIT,465,,496,484,476,510.0,543,,565.0
CK701,Medicine (Undergraduate Entry - HPAT required),729,,740,731,,739.0,738,737.0,743.0
CK702,Dentistry,590,,613,613,613,613.0,625,625.0,625.0
CK703,Pharmacy,577,,589,590,589,602.0,613,613.0,625.0
CK704,Occupational Therapy,532,,554,566,555,577.0,601,,602.0
CK705,Speech and Language Therapy,509,,529,520,,541.0,568,566.0,589.0
CK706,Public Health Sciences,419,,451,454,,477.0,500,,532.0
CK707,Medical and Health Sciences,510,,543,542,541,555.0,578,,601.0
CK710,General Nursing,440,,466,454,,477.0,498,497.0,519.0
CK712,Children`s and General Nursing (Integrated),499,,520,533,,553.0,565,,578.0
CK720,Mental Health Nursing,398,,429,423,,440.0,455,452.0,467.0
CK730,Intellectual Disability Nursing,359,,388,419,411,433.0,431,,451.0
CK740,Midwifery,444,,474,484,,507.0,509,,543.0
CK791,Medicine  - Graduate Entry (GAMSAT required),58,,59,57,,58.0,60,60.0,61.0
CM001,Education - Primary Teaching,452,,462,484,,487.0,508,,518.0
CM002,Education - Primary Teaching - Gaeltacht Applicants,421,,440,,,,462,,506.0
CM003,Oideachas - Bunmhúinteoireacht Trí Mheán na Gaeilge – Gaeltacht,491,,506,528,,570.0,513,,546.0
CM004,Oideachas - Bunmhúinteoireacht Trí Mheán na Gaeilge – Gaeltacht,492,,569,494,,513.0,480,,618.0
CM010,Education Studies,317,,373,319,,407.0,382,327.0,440.0
CM020,Early Childhood Education,336,,363,327,,390.0,317,,377.0
CR105,Chemical and Biopharmaceutical Engineering,432,,498,443,,532.0,443,,532.0
CR106,Software Development,351,,393,411,,463.0,431,,476.0
CR108,Mechanical Engineering,425,,487,434,,509.0,434,,509.0
CR109,Structural Engineering,341,,467,394,,423.0,396,,465.0
CR110,Automotive Business Management and Technology,318,,347,311,,362.0,336,,388.0
CR112,Creative Digital Media at CIT Crawford College of Art and Design,335,,389,361,,430.0,390,,455.0
CR116,Computer Systems,318,,381,332,,393.0,365,,400.0
CR121,Music at CIT Cork School of Music,633,,1052,868,,1078.0,904,904.0,1141.0
CR125,Popular Music at CIT Cork School of Music,972,,1021,1088,,1088.0,1028,,1029.0
CR126,Popular Music: Drums at CIT Cork School of Music,878,,1043,801,,940.0,,,
CR127,Popular Music: Electric Guitar at CIT Cork School of Music,584,,761,838,768,978.0,,,
CR128,Popular Music: Keyboards at CIT Cork School of Music,839,,1009,840,,881.0,,,
CR129,Popular Music: Voice at CIT Cork School of Music,857,,927,841,,966.0,,,
CR130,Musical Theatre at CIT Cork School of Music,500,,600,548,518,600.0,525,,600.0
CR150,Business Information Systems,326,,371,335,,391.0,350,,409.0
CR210,"Contemporary Applied Art (Ceramics, Glass, Textiles) at CIT Crawford",979,,979,,,,450,,450.0
CR220,Fine Art at CIT Crawford College of Art and Design,620,,819,,,,400,,400.0
CR225,Photography with New Media at CIT Crawford College of Art and Design,920,,920,,,,435,,560.0
CR305,Physical Sciences (Common Entry),279,,309,282,,356.0,260,,357.0
CR310,IT Management,282,,317,297,,339.0,347,,372.0
CR320,Biomedical Science - Offered jointly by CIT and UCC,546,,556,565,,577.0,590,,601.0
CR325,Pharmaceutical Biotechnology,388,,422,398,,440.0,466,,488.0
CR333,Nutrition and Health Science,360,,393,402,,433.0,425,,455.0
CR335,Biological Sciences (Common Entry),381,,419,420,,451.0,473,,507.0
CR340,Analytical Chemistry with Quality Assurance,288,,315,251,,366.0,327,,400.0
CR360,Instrument Engineering,291,,329,261,,388.0,301,,378.0
CR365,Environmental Science and Sustainable Technology,334,,362,253,,341.0,262,,347.0
CR370,Agri-Biosciences,408,,431,397,,453.0,368,,423.0
CR400,Accounting,316,,389,316,,413.0,315,,423.0
CR420,Marketing,288,,329,285,,346.0,290,,357.0
CR425,International Business with Language,300,,392,298,,412.0,279,,419.0
CR430,Sport and Exercise Management,,,,322,,407.0,402,,434.0
CR440,Montessori Education,,,,288,,362.0,409,408.0,431.0
CR500,Engineering (Common Entry),381,,424,411,,465.0,475,,499.0
CR510,Sustainable Energy Engineering,319,,343,320,,389.0,320,,393.0
CR520,Biomedical Engineering,434,,477,444,,488.0,444,,498.0
CR560,Architectural Technology,288,,332,308,,377.0,375,,436.0
CR565,Interior Architecture,336,,390,359,,423.0,431,,465.0
CR570,Quantity Surveying,279,,342,336,,392.0,375,,429.0
CR572,Construction Management,253,,300,269,,318.0,300,,349.0
CR580,Electrical Engineering,344,,374,318,,377.0,342,,401.0
CR590,Electronic Engineering,342,,411,303,,379.0,329,,409.0
CR600,Visual Communications,587,,888,,,,280,,510.0
CR660,Tourism Management,249,,290,252,,325.0,246,,328.0
CR700,Theatre and Drama Studies at CIT Cork School of Music,768,,906,740,645,982.0,609,609.0,894.0
CR930,Home Economics and Business,,,,,,,518,,542.0
CT125,Computing and IT,235,,280,220,,299.0,242,242.0,334.0
CT325,Business,,,,338,,338.0,253,253.0,337.0
CW018,Business (options),327,,349,298,248,312.0,307,,381.0
CW028,Early Childhood Education and Care,252,,308,252,,301.0,260,,378.0
CW038,Art (portfolio),700,,700,700,,700.0,700,,700.0
CW048,Creative Computing and Digital Innovation,,,,,,,,,0.0
CW058,Tourism and Event Management,252,,262,298,,348.0,292,,356.0
CW068,Applied Social Studies in Professional Social Care,251,,280,245,,292.0,250,,306.0
CW078,Sustainable Farm Management and Agribusiness (Wexford),266,,320,269,,327.0,270,,363.0
CW088,Visual Communications and Design (Wexford),309,,345,274,,340.0,270,,290.0
CW108,Science (options),261,,326,261,,346.0,266,,361.0
CW128,Brewing and Distilling,271,,298,263,,318.0,307,,349.0
CW138,Sport and Exercise Science,,,,423,,444.0,430,423.0,462.0
CW148,Strength and Conditioning,,,,379,,400.0,388,,409.0
CW178,Sport Science (options),399,,424,,,,,,
CW188,Sport Rehabilitation and Athletic Therapy,454,,473,451,448,466.0,451,,488.0
CW208,Computer Games Development,281,,338,279,,327.0,272,,333.0
CW238,Software Development,300,,343,297,,341.0,295,,387.0
CW248,Information Technology Management,307,,357,285,,385.0,293,,338.0
CW258,Cybercrime and IT Security,300,,328,293,,358.0,292,,382.0
CW268,Computing in Interactive Digital Art and Design,274,,321,287,,369.0,291,,384.0
CW438,Construction (options),271,,308,272,,336.0,260,251.0,336.0
CW468,Architectural Technology,252,,290,262,,358.0,291,283.0,353.0
CW478,Civil Engineering,348,,383,433,,492.0,465,,465.0
CW548,Mechanical Engineering,310,,351,321,,371.0,330,328.0,396.0
CW558,Electronic Systems,279,,338,280,,361.0,280,,380.0
CW568,Aerospace Engineering,366,,422,380,,442.0,371,359.0,433.0
CW578,TV and Media Production,327,,361,325,,420.0,318,,358.0
CW708,Law - LLB,298,,328,302,,349.0,292,,390.0
CW728,Product Design Innovation,286,,355,252,,359.0,246,,370.0
CW748,Early Childhood Education and Care,265,,338,270,,327.0,290,,377.0
CW758,Professional Social Care Practice,290,,319,336,,358.0,360,358.0,397.0
CW808,Media and Public Relations,248,,307,251,,298.0,247,,316.0
CW848,Digital Marketing with Analytics,279,,307,254,,326.0,269,,336.0
CW858,"Sports Management and Coaching (options, portfolio)",700,,700,700,,700.0,700,,700.0
CW908,Business (options),260,,307,280,,357.0,272,,348.0
CW938,Business with Law,270,,288,283,,301.0,270,,382.0
CW948,Accounting,301,,408,300,,364.0,319,,454.0
DB500,Computing,242,,320,218,218,301.0,234,234.0,333.0
DB501,Computing (Cloud Computing),326,,329,227,227,280.0,,178.0,309.0
DB502,Computing (Data Analytics and Big Data),269,,269,341,341,377.0,267,233.0,351.0
DB503,Computing (Software Development),242,,282,225,225,281.0,,,0.0
DB504,Computing (Web and Mobile Technology),227,,269,,281,281.0,,,0.0
DB510,Audio Production and Music Project Management,233,,293,234,223,290.0,217,217.0,317.0
DB512,Business Studies,229,,301,218,203,308.0,243,210.0,347.0
DB514,Business Studies (Law),269,,337,252,,270.0,239,225.0,346.0
DB515,Business Studies (Human Resource Management),225,,288,244,244,326.0,242,217.0,318.0
DB516,Financial Services,328,,336,,,,,,
DB517,Event Management,226,,327,238,,309.0,233,225.0,336.0
DB518,Marketing (Digital Media),210,,289,,,,307,209.0,354.0
DB521,Accounting and Finance,225,,271,225,195,318.0,243,228.0,379.0
DB524,Business (Information Systems),402,,402,342,309,409.0,247,239.0,327.0
DB525,Marketing (Digital Media and Cloud Computing),284,,309,,,,288,288.0,337.0
DB526,Business (Cloud Computing),253,,288,347,,423.0,244,244.0,327.0
DB527,Applied Social Care,235,,288,234,260,306.0,254,219.0,308.0
DB531,Marketing,220,,288,293,,336.0,288,176.0,368.0
DB562,Psychology,208,,310,243,229,322.0,244,233.0,342.0
DB566,Social Science,216,,308,220,227,290.0,262,228.0,319.0
DB567,Film,192,,295,218,202,290.0,245,213.0,298.0
DB568,Law,245,,308,219,252,309.0,254,228.0,347.0
DB569,Business (Psychology),279,,338,252,,284.0,240,240.0,338.0
DC001,Education - Early Childhood Education,398,,424,440,,462.0,445,,474.0
DC002,Education - Primary Teaching,462,,485,488,,520.0,518,,543.0
DC003,Education - Primary Teaching - Gaeltacht Applicants,433,,473,445,,462.0,489,,509.0
DC004,Education - Primary Teaching (Church of Ireland Centre formerly CICE),357,,,411,409,463.0,451,,
DC005,Education - Primary Teaching - Irish Sign Language,316,,316,,,,,,
DC009,Arts (Joint Honours) - Humanities,347,,408,376,,423.0,356,,431.0
DC010,Post Primary Teacher Education - Religious Education and English,386,,413,441,429,465.0,384,,441.0
DC011,Post Primary Teacher Education - Religious Education and History,352,,389,412,391,429.0,409,,455.0
DC012,Post Primary Teacher Education - Religious Education and Music,367,,415,378,,420.0,409,,451.0
DC013,Post Primary Teacher Ed - Gaeilge with French/German/Spanish,410,,509,419,,487.0,413,,510.0
DC014,BA in Jazz and Contemporary Music Performance (audition),428,,590,419,,605.0,311,,634.0
DC110,Business Studies International,440,,462,465,,488.0,498,,526.0
DC111,Business Studies,463,,479,488,,507.0,511,,532.0
DC112,Global Business (France),495,,510,517,510,532.0,542,,564.0
DC113,Global Business (Germany),440,,476,462,,496.0,484,,529.0
DC114,Global Business (Spain),501,,543,522,,545.0,544,,562.0
DC115,Accounting and Finance,487,,500,510,,544.0,544,,578.0
DC116,Global Business (USA),578,,589,579,,601.0,613,,625.0
DC117,Aviation Management / Aviation Management with Pilot Studies,463,,487,476,475,500.0,484,,520.0
DC118,Gnó agus Gaeilge / Business and Irish,357,,399,359,,429.0,368,,419.0
DC119,Global Business (Canada),566,,577,564,,577.0,601,,601.0
DC120,Enterprise Computing,350,,389,357,,392.0,403,402.0,440.0
DC121,Computer Applications,370,,418,400,,455.0,475,,498.0
DC123,Data Science,467,,511,465,,531.0,501,,542.0
DC126,Actuarial Mathematics,520,,543,560,,578.0,577,,601.0
DC127,Common Entry into Actuarial and Financial Mathematics,509,,531,532,520,543.0,541,,566.0
DC131,Communication Studies,400,,441,407,402,451.0,421,,479.0
DC132,Journalism,401,,440,429,422,466.0,452,,487.0
DC133,Multimedia,403,,451,411,410,451.0,435,,473.0
DC155,Applied Language and Translation Studies,371,,430,387,,444.0,427,,476.0
DC161,Analytical Science,446,,463,498,489,510.0,498,,521.0
DC162,Chemical and Pharmaceutical Sciences,488,,498,521,,544.0,531,,543.0
DC163,Chemical Sciences General Entry (Undenominated Entry),,,,,,,466,,510.0
DC166,Environmental Science and Technology,412,,442,433,399,441.0,423,,466.0
DC167,Physics with Astronomy,434,,477,,,,,,
DC168,Genetics and Cell Biology,489,,500,512,510,529.0,543,,555.0
DC171,Applied Physics,402,,433,,,,,,
DC173,Physics with Biomedical Sciences,402,,458,,,,,,
DC175,Physics General Entry (options),,,,419,402,467.0,400,,479.0
DC180,Biological Sciences General Entry (Undenominated Entry),,,,,,,530,,543.0
DC181,Biotechnology,476,,488,499,495,511.0,530,,544.0
DC190,Electronic and Computer Engineering (with choice of four majors),391,,433,413,,465.0,488,,532.0
DC193,Mechatronic Engineering,404,,445,411,,487.0,490,,532.0
DC194,Sustainable Systems and Energy,,,,,,,476,,509.0
DC195,Mechanical and Manufacturing Engineering,401,,444,425,,487.0,500,,521.0
DC197,Biomedical Engineering,402,,446,423,,477.0,510,,543.0
DC200,Common Entry into Engineering (Undenominated Entry),381,,444,422,,487.0,511,510.0,543.0
DC201,Common Entry into Science (Undenominated Entry),454,,477,498,488,499.0,,,
DC202,Sport Science and Health,467,,476,500,498,521.0,511,,532.0
DC203,Science Education,424,,476,435,,487.0,462,,509.0
DC204,Athletic Therapy and Training,484,,500,522,519,533.0,558,,578.0
DC205,Physical Education with Biology,490,,521,531,,553.0,565,,578.0
DC206,Physical Education with Mathematics,443,,476,499,,520.0,521,,544.0
DC207,Psychology and Mathematics,,,,,,,521,,543.0
DC208,Psychology,509,,521,532,521,533.0,565,,577.0
DC209,Health and Society,419,,440,465,440,466.0,477,,509.0
DC210,Psychology and Disruptive Technologies,,,,,,,506,,532.0
DC215,General Nursing,414,,443,454,433,462.0,456,,485.0
DC216,Mental Health Nursing,368,,389,418,403,424.0,420,,440.0
DC217,Intellectual Disability Nursing,347,,362,370,,390.0,382,,402.0
DC218,Children`s and General Nursing (Integrated),467,,480,500,498,522.0,521,,554.0
DC230,"Economics, Politics and Law",400,,431,435,,462.0,431,,468.0
DC231,International Relations,387,,445,397,,433.0,398,,458.0
DC232,Law and Society (BCL),453,,487,466,,496.0,469,,511.0
DC235,Education and Training - Daytime and Flexible Delivery Mode (full-time),307,,327,309,,357.0,302,,370.0
DC238,Social Sciences and Cultural Innovation,358,,388,377,,411.0,387,,440.0
DC239,"Gaeilge, Iriseoireacht agus na Meáin Dhigiteacha",,,,430,,473.0,,,
DC240,"Marketing, Innovation and Technology",451,,474,476,474,498.0,499,,532.0
DC241,Digital Business and Innovation,,,,,,,509,,533.0
DC291,Arts (Joint Honours) - Media Studies,349,,392,376,,409.0,350,,440.0
DC292,Arts (Joint Honours) - Law,356,,388,403,,430.0,400,,440.0
DC293,Arts (Joint Honours) - International Languages,369,,400,377,,466.0,379,,467.0
DC294,Climate and Environmental Sustainability,,,,,,,475,,489.0
DC295,Arts (Joint Honours) - Politics,348,,387,376,,409.0,349,,409.0
DK810,Accounting and Finance,306,,391,305,305,401.0,307,307.0,399.0
DK816,Business Studies,300,,357,300,300,367.0,301,301.0,382.0
DK820,Computing in Games Development,307,,369,311,311,348.0,309,309.0,381.0
DK821,Computing in Software Development,301,,347,302,302,361.0,320,316.0,379.0
DK822,Augmented and Virtual Reality,,,,307,,380.0,320,320.0,340.0
DK830,Building Surveying,302,,349,336,,352.0,305,,378.0
DK831,Architectural Technology,301,,366,389,,433.0,368,314.0,377.0
DK832,Construction Management,300,,329,387,,419.0,358,305.0,362.0
DK843,Engineering (Common Entry),303,,402,340,340,439.0,404,391.0,466.0
DK844,Mechanical Engineering,,,,305,305,448.0,336,336.0,435.0
DK845,Electrical & Electronic Engineering,,,,304,304,392.0,331,331.0,434.0
DK846,Civil Engineering,,,,391,361,392.0,371,371.0,465.0
DK850,International Tourism Management,,,,317,317,377.0,303,303.0,417.0
DK860,Music (audition),499,,649,532,532,634.0,,,
DK861,Arts,300,,358,302,302,363.0,302,302.0,347.0
DK862,Social Care,300,,338,301,,347.0,322,319.0,348.0
DK863,Creative Media,300,,376,308,308,337.0,336,320.0,432.0
DK864,Film and Television Production,300,,332,300,300,402.0,308,,399.0
DK865,Audio and Music Production,301,,346,301,,367.0,352,,404.0
DK870,General Nursing,392,,401,403,401,419.0,440,440.0,451.0
DK872,Intellectual Disability Nursing,300,,317,336,,358.0,367,366.0,368.0
DK874,Mental Health Nursing,356,,378,356,,379.0,398,,414.0
DK876,Early Childhood Studies,305,,359,321,,388.0,300,300.0,357.0
DK877,Midwifery,398,,441,440,,470.0,482,477.0,495.0
DK880,Health and Physical Activity,300,,367,328,,389.0,301,301.0,397.0
DK882,Agriculture (Award options),303,,358,310,,380.0,342,,402.0
DK883,Science (Award options),300,,369,358,321,370.0,373,368.0,384.0
DK884,Sustainable Agriculture,,,,,,,348,,397.0
DK885,Agri-Food Production,,,,,,,,,0.0
DK886,Biopharmaceutical Science,,,,301,,338.0,379,,388.0
DK887,Environmental Science,,,,330,,589.0,377,,440.0
DL821,"English, Media and Cultural Studies",211,,317,212,212,347.0,,,
DL822,Arts Management,209,,319,229,229,337.0,254,,356.0
DL823,Business Management,260,,316,235,,325.0,220,,318.0
DL825,Applied Psychology,349,,413,379,,434.0,418,413.0,462.0
DL826,Graphic Design,736,,989,855,,1024.0,591,,824.0
DL827,Art,583,,902,572,,941.0,574,,906.0
DL828,"3D Design, Modelmaking and Digital Art",691,,866,506,,920.0,,,
DL829,Design for Stage and Screen (Costume Design),817,,1021,593,,947.0,,,
DL830,Design for Stage and Screen (Makeup Design),879,,953,939,,968.0,,,
DL831,Design for Stage and Screen (Production Design),893,,1073,781,,1026.0,,,
DL832,Animation,855,,1055,920,,1022.0,989,,1098.0
DL833,Photography and Visual Media,636,,791,650,,854.0,671,671.0,877.0
DL834,Film and Television Production,933,,1011,990,,1040.0,,,
DL835,Creative Media Technologies,237,,289,,,,,,
DL836,Creative Computing,217,,326,219,,300.0,235,,339.0
DL837,New Media Studies,290,,349,201,,316.0,298,293.0,359.0
DL838,Creative Music Production,746,,873,754,,972.0,713,,979.0
DL839,Interaction and User Experience Design,,,,683,683,990.0,757,,1087.0
DL840,Digital Marketing,,,,228,228,327.0,210,,347.0
DL841,English and Equality Studies,,,,276,,341.0,277,277.0,357.0
DL843,Film,,,,,,,987,874.0,1000.0
DL844,Television,,,,,,,566,,947.0
DL845,Design for Film (degree options),,,,,,,628,,900.0
DN100,Architecture,473,,509,510,,541.0,555,,577.0
DN120,Landscape Architecture,353,,403,407,,453.0,463,435.0,484.0
DN130,City Planning and Environmental Policy,367,,421,407,400,432.0,445,424.0,474.0
DN150,Engineering (Common Entry),511,,554,531,521,565.0,565,,601.0
DN200,Science (options),521,,554,533,,567.0,577,567.0,589.0
DN201,Computer Science (Common Entry),488,,509,510,,542.0,554,549.0,558.0
DN230,Actuarial and Financial Studies,577,,589,601,,613.0,613,613.0,625.0
DN240,Sustainability,,,,440,,498.0,510,,532.0
DN250,Agricultural Science (options),420,,462,456,455,488.0,454,444.0,489.0
DN252,Dairy Business,398,,428,410,,455.0,,,
DN253,Agri - Environmental Sciences,403,,419,418,,443.0,,,
DN261,Food Science,434,,467,477,,495.0,531,,544.0
DN262,Human Nutrition,493,,510,531,,553.0,566,,577.0
DN271,Forestry,303,,361,311,,359.0,,,
DN272,"Horticulture, Landscape and Sportsturf Management",252,,312,297,282,378.0,,,
DN300,Veterinary Medicine - Undergraduate Entry,567,,589,589,,602.0,601,,613.0
DN301,Veterinary Medicine - Graduate Entry (GAMSAT required),,,,,,,,,
DN310,Veterinary Nursing,441,,487,478,477,489.0,521,509.0,522.0
DN400,Medicine - Undergraduate Entry (HPAT required),735,,745,737,736,748.0,743,,751.0
DN401,Medicine - Graduate Entry (GAMSAT required),59,,61,,,61.0,61,,63.0
DN410,Radiography,507,,522,534,532,543.0,566,566.0,578.0
DN411,Radiography - Graduate Entry,,,,,,,,,
DN420,Physiotherapy,542,,555,578,577,589.0,601,601.0,613.0
DN425,Health and Performance Science,488,,509,510,509,521.0,544,543.0,555.0
DN430,Sport and Exercise Management,436,,455,455,445,455.0,484,476.0,499.0
DN440,"Biomedical, Health and Life Sciences",565,,579,590,589,601.0,613,613.0,618.0
DN450,General Nursing,398,,420,429,424,445.0,462,,490.0
DN451,Children`s and General Nursing (Integrated),462,,499,509,506,529.0,533,,554.0
DN452,Midwifery,409,,452,489,476,499.0,510,509.0,511.0
DN453,Mental Health Nursing,379,,403,397,393,412.0,442,,451.0
DN520,Arts (Two Subjects),336,,408,310,,409.0,381,378.0,445.0
DN530,Humanities (options),348,,411,340,336,419.0,397,388.0,465.0
DN541,Modern Languages (options),348,,412,303,,443.0,320,,423.0
DN600,Law (options),520,,532,546,544,566.0,576,567.0,588.0
DN610,Business and Law,521,,543,545,,577.0,573,567.0,589.0
DN650,Commerce,498,,510,521,521,543.0,555,,567.0
DN660,Commerce International (options),507,,531,517,511,531.0,555,554.0,567.0
DN670,Economics and Finance,601,,601,613,,625.0,625,625.0,625.0
DN700,Social Sciences (options),388,,441,421,419,466.0,475,474.0,509.0
DN710,Economics,476,,488,498,498,510.0,534,532.0,544.0
DN720,Psychology,517,,531,530,522,543.0,566,564.0,577.0
DN750,Social Policy and Sociology,330,,366,378,,408.0,421,,441.0
DT001,Product Design,433,,464,,,,,,
DT028,Transport Operations and Technology,279,,348,,,,,,
DT035,Electrical Services and Energy Management,293,,340,,,,,,
DT066,Engineering (General Entry),400,,457,,,,,,
DT101,Architecture (test and interview),618,,647,,,,,,
DT106,Planning and Environmental Management,312,,337,,,,,,
DT110,Property Economics (Valuation Surveying),367,,424,,,,,,
DT111,Quantity Surveying and Construction Economics,391,,421,,,,,,
DT112,Geographic Science,287,,335,,,,,,
DT117,Construction Management,356,,373,,,,,,
DT175,Architectural Technology,388,,425,,,,,,
DT201,Science (General Entry),464,,477,,,,,,
DT203,Analytical Chemistry (Environmental Forensic and Pharmaceutical),341,,403,,,,,,
DT204,Biomedical Science,501,,512,,,,,,
DT205,Mathematical Sciences,315,,363,,,,,,
DT206,Biomedical and Molecular Diagnostics,473,,487,,,,,,
DT211,Computer Science (Infrastructure),381,,414,,,,,,
DT220,Industrial Mathematics,300,,317,,,,,,
DT221,Physics with Energy and Environment,348,,436,,,,,,
DT222,Physics Technology,321,,371,,,,,,
DT223,Human Nutrition and Dietetics,553,,566,,,,,,
DT224,Optometry,487,,529,,,,,,
DT225,Public Health Nutrition,440,,476,,,,,,
DT227,Science with Nanotechnology,312,,361,,,,,,
DT228,Computer Science,451,,466,,,,,,
DT229,Clinical Measurement Science,491,,509,,,,,,
DT235,Physics with Medical Physics and Bioengineering,357,,403,,,,,,
DT282,Computer Science (International),377,,402,,,,,,
DT299,Chemical Sciences with Medicinal Chemistry,420,,445,,,,,,
DT302,Business Analytics,325,,403,,,,,,
DT304,E-Commerce in Retailing,341,,388,,,,,,
DT321,Business and Law,462,,478,,,,,,
DT341,Marketing,400,,419,,,,,,
DT343,Retail and Services Management,301,,332,,,,,,
DT354,Business Computing,322,,341,,,,,,
DT358,Logistics and Supply Chain Management,300,,359,,,,,,
DT365,Business and Management,440,,456,,,,,,
DT366,Accounting and Finance,432,,454,,,,,,
DT398,Human Resource Management,375,,388,,,,,,
DT399,Economics and Finance,437,,465,,,,,,
DT401,International Hospitality Management,300,,337,,,,,,
DT405,Culinary Science,308,,377,,,,,,
DT407,Culinary Arts,271,,342,,,,,,
DT412,Tourism Marketing,284,,322,,,,,,
DT413,Event Management,356,,389,,,,,,
DT416,Culinary Entrepreneurship,275,,339,,,,,,
DT420,Nutraceuticals in Health and Nutrition,392,,432,,,,,,
DT421,Food Innovation,321,,366,,,,,,
DT422,Pharmaceutical Healthcare,397,,423,,,,,,
DT491,Environmental Health,343,,380,,,,,,
DT501,Music,383,,520,,,,,,
DT504,Film and Broadcasting,443,,467,,,,,,
DT506,Commercial Modern Music,468,,835,,,,,,
DT508,Game Design,403,,454,,,,,,
DT517,Languages and English Studies,326,,419,,,,,,
DT518,Languages and International Tourism,307,,357,,,,,,
DT529,Drama (Performance),371,,519,,,,,,
DT532,Law (LL.B.),422,,441,,,,,,
DT533,Contemporary Visual Culture,,,,,,,,,
DT544,Interior Design,552,,866,,,,,,
DT545,Design - Visual Communication,667,,897,,,,,,
DT546,Fine Art,668,,813,,,,,,
DT555,International Business and Languages,353,,399,,,,,,
DT559,Photography,700,,926,,,,,,
DT571,Social Care,394,,424,,,,,,
DT572,Early Childhood Education,385,,403,,,,,,
DT582,Journalism,347,,373,,,,,,
DT596,Print Media Technology and Management,252,,311,,,,,,
DT597,Creative and Cultural Industries,280,,369,,,,,,
GA181,Accounting,303,,378,309,,403.0,303,,400.0
GA182,Business,290,,347,287,,347.0,285,,369.0
GA183,Business Information Systems,309,,373,296,,356.0,298,,358.0
GA184,Marketing and Sales,307,,348,307,,357.0,300,,368.0
GA185,Finance and Economics,307,,398,293,,392.0,318,,378.0
GA186,Business with Entrepreneurship,297,,328,280,,356.0,287,,346.0
GA187,Rural Enterprise and Agri-Business,280,,367,281,,352.0,291,,358.0
GA281,Film and Documentary,287,,360,304,,379.0,310,301.0,358.0
GA282,Heritage Studies,238,,308,220,,281.0,252,,343.0
GA283,Contemporary Art (portfolio),260,,340,679,,870.0,790,,876.0
GA284,Design,309,,377,303,,356.0,331,,398.0
GA285,"Education (Art, Design and Graphics)",,,,,,,406,,442.0
GA380,International Hotel Management,225,,289,242,,330.0,218,,320.0
GA381,International Tourism Management,261,,290,278,,350.0,252,,317.0
GA382,Culinary and Gastronomic Science,225,,316,206,,337.0,235,,375.0
GA384,Event Management with Public Relations,209,,289,212,,328.0,230,,340.0
GA385,Retail Management,219,,319,,,,,,
GA480,Construction Management,260,,312,260,,336.0,302,,359.0
GA482,Quantity Surveying and Construction Economics,280,,340,288,,350.0,304,,388.0
GA483,Architectural Technology,251,,321,265,,337.0,281,273.0,361.0
GA484,Civil Engineering,270,,362,290,,383.0,377,,421.0
GA580,Software and Electronic Engineering,301,,351,300,,393.0,300,,388.0
GA680,Mechanical Engineering,336,,389,330,,401.0,400,,455.0
GA681,Energy Engineering,281,,328,293,,366.0,312,,392.0
GA682,Biomedical Engineering,331,,383,313,,393.0,331,,413.0
GA683,Agricultural Engineering,301,,365,309,,385.0,304,,390.0
GA684,Engineering (Common entry to Agri/Biomed/Energy/Mech Eng),346,,406,340,,405.0,413,,456.0
GA685,Manufacturing Engineering Design,,,,309,,379.0,336,,377.0
GA780,Applied Freshwater and Marine Biology,300,,360,327,,377.0,366,,435.0
GA781,Applied Biology and Biopharmaceutical Science,317,,376,337,,390.0,381,,442.0
GA782,Chemical and Pharmaceutical Science,307,,346,336,,388.0,356,,398.0
GA783,Physics and Instrumentation,373,,378,363,,408.0,301,,387.0
GA784,Science (Undenominated),327,,377,372,,403.0,445,,466.0
GA785,Medical Science,451,,486,473,,500.0,517,510.0,532.0
GA786,Forensic Science and Analysis,300,,366,317,,387.0,408,408.0,462.0
GA787,Computing in Software Development,275,,327,270,,315.0,310,,381.0
GA788,Computing and Digital Media,270,,327,274,,356.0,270,,314.0
GA789,Agriculture and Environmental Management,297,,339,287,,371.0,340,,392.0
GA790,Sport and Exercise Science,350,,379,356,,409.0,376,366.0,431.0
GA791,Public Health Nutrition,364,,397,368,,409.0,368,,431.0
GA880,General Nursing,389,,400,429,422,441.0,440,,455.0
GA882,Psychiatric Nursing,346,,370,367,,377.0,369,,398.0
GA885,Outdoor Education - Mayo Campus,210,,298,252,,262.0,269,,360.0
GA887,History and Geography,228,,296,244,,380.0,201,,288.0
GA889,Applied Social Care,260,,297,266,,298.0,265,,339.0
GA890,Early Childhood Education and Care,278,,319,270,,327.0,281,227.0,336.0
GA891,Geography and Outdoor Education,,,,244,,391.0,261,,366.0
GA892,Community Development and Youth Work (Level 8),,,,,,,,,0.0
GA980,Education (Design Graphics and Construction),376,,389,377,,411.0,410,,435.0
GA981,Furniture Design and Manufacture,271,,350,,,,346,,385.0
GA982,Furniture Making and Architectural Woodworking,270,,352,,,,360,,402.0
GA983,Furniture and Digital Manufacturing,,,,,,,,,0.0
GA984,"Furniture Design, Making and Technology - Common Entry",,,,284,,369.0,486,467.0,498.0
GC200,Business Studies (Cork),269,,359,252,252,369.0,269,242.0,377.0
GC201,Accounting and Finance,251,,388,303,303,388.0,260,226.0,270.0
GC230,Computing Science,228,,327,335,325,393.0,300,289.0,351.0
GC250,Communications and Media Production,,,,,,,,,
GC300,Business Studies,251,,302,429,,432.0,264,264.0,377.0
GC301,Accounting & Finance,307,,314,253,253,346.0,,251.0,251.0
GC302,Business - HRM,269,,269,,,,377,377.0,377.0
GC305,International Hospitality Management,327,,327,253,253,253.0,,,
GC307,Business (Marketing),,,,,,,289,270.0,289.0
GC400,Business Studies,246,,297,248,248,281.0,250,228.0,318.0
GC401,Accounting and Finance,181,,309,240,227,343.0,242,242.0,337.0
GC402,Business Studies (HRM),217,,290,264,236,236.0,,,0.0
GC403,Law,225,,308,244,228,328.0,245,242.0,319.0
GC405,International Hospitality Management (Dublin),254,,272,,,,,,
GC407,Business Studies (Marketing),246,,330,280,280,321.0,264,264.0,318.0
GC430,Computing Science,217,,269,252,220,298.0,251,251.0,325.0
GC450,Communications and Media Production,227,,307,254,254,280.0,225,225.0,321.0
GC462,Design Communication (portfolio),,,,,,,300,,300.0
GC489,Interior Architecture (portfolio),267,,361,254,,301.0,288,274.0,429.0
GC494,Fashion Design (Dublin),,,,337,217,412.0,351,,588.0
GY101,Arts (Joint-Honours),300,,374,300,,391.0,327,326.0,423.0
GY104,Arts (Psychology),507,,529,523,520,542.0,564,555.0,566.0
GY105,Arts (History),318,,358,301,,377.0,357,,424.0
GY107,Na Dána (Gaeilge agus Léann an Aistriúcháin),330,,397,409,,456.0,,,
GY109,Arts (Mathematics and Education),411,,487,403,,466.0,413,,487.0
GY110,Arts (Children and Youth Studies - options),382,,409,357,,418.0,387,,440.0
GY111,Arts with Creative Writing,402,,472,330,,492.0,421,420.0,518.0
GY112,Arts with Film Studies,338,,370,321,,399.0,,,
GY113,Arts with Human Rights,338,,409,368,,422.0,413,,477.0
GY115,Arts with Performing Arts Studies,328,,367,387,,443.0,300,,393.0
GY118,"Arts (Drama, Theatre and Performance Studies)",410,,451,451,,492.0,453,430.0,476.0
GY119,Arts (Journalism),410,,475,400,,465.0,484,473.0,521.0
GY120,"Arts (Child, Youth and Family: Policy and Practice)",309,,346,350,,397.0,,,
GY121,Arts (Children`s Studies),356,,389,356,,419.0,,,
GY122,Na Dána (Cumarsáid agus Gaeilge),308,,399,361,,453.0,410,,496.0
GY123,Applied Social Sciences,357,,388,358,,410.0,419,,451.0
GY124,Arts (Arts with Data Science),434,,466,454,,490.0,,,
GY125,Arts (Digital Arts and Technology),324,,379,328,,347.0,403,,444.0
GY126,Arts (English and Media Studies),418,,451,391,,462.0,,,
GY127,Arts (Film and Digital Media),387,,435,401,,462.0,430,421.0,488.0
GY128,Arts (Global Languages),370,,440,352,,476.0,346,,468.0
GY129,Arts (International),408,,477,420,,462.0,465,,522.0
GY130,Arts (Music),400,,444,408,,495.0,462,,498.0
GY131,Arts (History and Globalisation Studies),340,,431,360,,440.0,,,
GY132,"Government (Politics, Economics and Law)",402,,444,407,,435.0,465,451.0,495.0
GY133,Education (Computer Science and Mathematical Studies),401,,466,422,,498.0,454,,476.0
GY134,Geography and Geosystems,,,,410,,445.0,425,,476.0
GY135,Arts (Global Media),,,,,,,442,,484.0
GY136,Na Dána (Léann Teanga - options),,,,,,,526,,526.0
GY201,Commerce,420,,453,433,,466.0,476,,499.0
GY202,Commerce (International) with French,484,,513,484,,511.0,520,,548.0
GY203,Commerce (International) with German,489,,541,489,,566.0,518,,532.0
GY204,Commerce (International) with Spanish,484,,500,495,,511.0,506,,531.0
GY206,Business Information Systems (Work Placement & Optional Int`l Study),431,,445,465,,488.0,509,,544.0
GY207,Commerce (Accounting) including optional Global Experience year,486,,510,509,,543.0,543,,578.0
GY208,Commerce (Gaeilge),473,,488,473,,511.0,508,,547.0
GY209,Commerce (Global Experience),509,,531,530,,554.0,551,,578.0
GY250,Law and Business,436,,467,487,,510.0,510,,541.0
GY251,Law (BCL),473,,498,499,,518.0,542,,554.0
GY252,Law (BCL) and Human Rights,510,,521,520,,541.0,565,,567.0
GY253,Law and Taxation,,,,509,,543.0,506,,531.0
GY254,"Law (BCL), Criminology and Criminal Justice",,,,530,,554.0,548,,566.0
GY261,Business Studies in International Hotel Management (interview),486,,615,497,,611.0,503,,647.0
GY262,Commerce in International Hotel Management (interview),671,,726,681,,724.0,709,,743.0
GY301,Science,400,,456,433,432,487.0,489,488.0,529.0
GY303,Biomedical Science,533,,566,556,,589.0,613,,613.0
GY304,Biotechnology,473,,507,465,,498.0,498,495.0,522.0
GY308,Environmental Science,413,,440,408,,484.0,431,430.0,473.0
GY309,Financial Mathematics and Economics,454,,498,487,,532.0,509,,565.0
GY310,Marine Science,409,,456,419,,476.0,467,,499.0
GY313,Environmental Health and Safety,402,,435,412,,440.0,412,,452.0
GY314,Earth and Ocean Sciences,402,,425,403,,444.0,422,,463.0
GY318,Biopharmaceutical Chemistry,510,,532,509,,542.0,555,,581.0
GY319,Mathematical Science,456,,531,476,,566.0,543,,589.0
GY320,"Physics (Degree options: Applied,Astrophysics,Biomedical,Theoretical)",401,,487,402,,478.0,465,,533.0
GY321,Genetics and Genomics,,,,508,,532.0,532,,565.0
GY322,Agricultural Sciences,,,,,,,485,,518.0
GY350,Computer Science and Information Technology,425,,466,403,,454.0,495,,521.0
GY401,Engineering (Undenominated),444,,499,465,,511.0,522,520.0,555.0
GY402,Civil Engineering,509,,543,455,,499.0,533,521.0,545.0
GY405,Mechanical Engineering,443,,499,454,,509.0,541,,589.0
GY406,Electronic and Computer Engineering,509,,547,510,,544.0,555,,566.0
GY408,Biomedical Engineering,519,,543,509,,554.0,554,,578.0
GY410,Project and Construction Management,434,,464,403,,456.0,431,,455.0
GY413,Energy Systems Engineering,532,,589,502,,531.0,509,,543.0
GY414,Electrical and Electronic Engineering,454,,487,405,,429.0,433,,476.0
GY501,"Medicine (five year/six year course, HPAT required)",726,,731,728,,731.0,737,737.0,740.0
GY502,Occupational Therapy,532,,543,555,,567.0,601,,602.0
GY503,Speech and Language Therapy,529,,543,543,,554.0,578,,590.0
GY504,Podiatric Medicine,434,,463,443,,476.0,531,526.0,533.0
GY515,General Nursing (Galway and Portiuncula),442,,466,476,473,496.0,502,496.0,507.0
GY516,Mental Health Nursing,388,,413,440,,467.0,475,441.0,451.0
GY517,Midwifery,429,,468,495,,518.0,520,509.0,532.0
ID001,Accounting and Finance,229,,291,203,,253.0,,,0.0
ID002,Business Studies,285,,366,294,,309.0,,,340.0
ID003,Business Studies with Chinese,,,,,,,,,
LC110,"Art and Design (Common Entry, portfolio)",734,,918,740,,961.0,794,,981.0
LC114,Fashion and Textiles for Product and Costume (portfolio),900,,988,880,,1029.0,914,,933.0
LC115,"Art and Design Teacher Education (LIT and UL, portfolio)",,,,942,,1013.0,993,,1058.0
LC220,Digital Marketing,254,,288,262,,298.0,263,,322.0
LC223,Law and Taxation,308,,372,307,,356.0,331,,410.0
LC224,Accounting and Finance,299,,382,300,,371.0,300,,356.0
LC225,Marketing and Management,298,,337,298,,358.0,298,,376.0
LC226,Enterprise and Innovation,216,,298,234,234,310.0,255,,327.0
LC233,Software Development,300,,371,272,,339.0,280,,348.0
LC234,Interactive Digital Media,219,,288,225,,307.0,226,,342.0
LC236,Internet Systems Development,298,,319,262,260,272.0,260,,305.0
LC239,Computer Networks and Systems Management,335,,347,307,,371.0,317,,378.0
LC241,Construction Management,276,,303,255,,338.0,326,,387.0
LC242,Property Valuation and Management,292,,328,282,,320.0,308,,377.0
LC243,Quantity Surveying,281,,360,294,,362.0,278,,359.0
LC248,Built Environment (Common Entry),307,,350,288,,376.0,300,,357.0
LC252,Civil Engineering Management,281,,331,270,,308.0,264,,338.0
LC263,Clinical Technology,282,,359,294,,359.0,391,,455.0
LC265,Forensic and Pharmaceutical Sciences,335,,368,413,,476.0,498,,528.0
LC266,Drug and Medicinal Product Analysis,236,,299,262,,300.0,252,,368.0
LC275,Electrical Engineering,288,,340,298,,384.0,361,347.0,382.0
LC288,Mechanical Engineering,307,,360,347,346,415.0,378,369.0,432.0
LC289,Precision Engineering,280,,369,291,,350.0,261,,357.0
LC292,Social Care Work,360,,389,367,,389.0,374,,410.0
LC293,Business Studies with Travel and Tourism Management,299,,326,307,,356.0,271,264.0,356.0
LC294,Business Studies with Event Management,271,,300,279,,347.0,279,,356.0
LC295,Business Studies with Sports Management,263,,298,252,,313.0,262,,320.0
LC297,Community and Addiction Studies,217,,269,235,,298.0,272,262.0,316.0
LC320,Business,337,,378,346,,388.0,381,,408.0
LC330,Business with Computing,298,,326,297,,378.0,328,308.0,367.0
LC340,Interior Design,298,,349,350,,391.0,391,368.0,420.0
LC362,Biotechnology and Biopharmaceutical Sciences,379,,402,413,,440.0,429,,463.0
LC371,Creative Broadcast and Film Production,298,,339,309,,378.0,325,310.0,387.0
LC372,Music Technology and Production,321,,369,325,,402.0,377,,454.0
LC374,Renewable and Electrical Energy Engineering,317,,368,318,,410.0,337,319.0,401.0
LC375,Industrial Automation & Robotic Systems,321,,368,317,,392.0,309,,383.0
LC376,Electronic Engineering,308,,346,318,,358.0,357,,378.0
LC380,Automotive Engineering and Transport Management,282,,329,303,298,337.0,298,,340.0
LC392,Business Studies in Beauty and Spa Management,217,,318,236,,328.0,328,317.0,358.0
LC393,Early Childhood Education and Care,260,,309,236,,307.0,309,276.0,339.0
LC401,Early Childhood Education & Care (Thurles),298,,387,297,,298.0,,,
LC402,Social Care Work (Thurles),209,,290,225,,288.0,228,,306.0
LC408,Environmental and Geographical Sciences (Thurles),262,,346,279,,348.0,279,,347.0
LC411,Marketing and Management (Thurles),226,,300,,,,,,
LC414,Data Analytics and Cyber Security,,,,236,,336.0,,,
LC416,Business,,,,274,,391.0,260,,300.0
LC418,Computing - Games Design and Development,271,,318,270,,338.0,260,256.0,320.0
LC422,Applied Strength and Conditioning,288,,333,298,,347.0,289,,359.0
LC434,Environmental Management in Agriculture (Thurles),278,,347,297,,349.0,,,
LC502,Game Art and Design (portfolio),838,,950,852,,1024.0,841,,1018.0
LC517,Creative Media and Design,229,,273,234,,327.0,279,,413.0
LC518,Digital Animation Production (portfolio),816,,962,808,,939.0,807,,977.0
LC612,Social Care Work,319,,338,320,,343.0,309,,348.0
LC613,Early Childhood Education and Care,346,,388,242,,327.0,,,
LM002,Arts,329,,388,348,,410.0,360,360.0,423.0
LM019,Social Sciences,,,,,,,451,,507.0
LM020,Law and Accounting,436,,476,465,,499.0,474,,520.0
LM026,Performing Arts (audition required),307,,367,303,,401.0,329,,451.0
LM028,Criminal Justice,387,,409,418,,440.0,420,,454.0
LM029,Law Plus,473,,499,490,,521.0,530,,554.0
LM038,Psychology and Sociology,478,,489,500,,507.0,530,,533.0
LM039,Journalism and Digital Communication,388,,430,402,,455.0,432,,473.0
LM040,European Studies,350,,462,369,,488.0,409,,521.0
LM044,Applied Languages,404,,473,442,,499.0,429,,485.0
LM050,Business Studies (options),419,,455,431,,476.0,451,,489.0
LM056,International Business,511,,543,528,,555.0,555,,589.0
LM058,Financial Mathematics,434,,543,403,,521.0,468,,531.0
LM063,Technology Management,372,,409,379,,419.0,410,,452.0
LM066,Environmental Science,,,,,,,430,,478.0
LM068,Food Science and Health,400,,430,421,,454.0,464,,495.0
LM076,Product Design and Technology (portfolio required),402,,466,408,,487.0,401,,499.0
LM077,Aeronautical Engineering,469,,531,520,,554.0,567,,601.0
LM082,Construction Management and Engineering,368,,404,398,,434.0,446,,480.0
LM089,Sport and Exercise Sciences,441,,466,474,,489.0,498,,533.0
LM090,Physical Education with concurrent Teacher Education,498,,520,532,,565.0,552,544.0,577.0
LM091,Languages with concurrent Teacher Education,,,,517,,543.0,506,,541.0
LM092,Science with Teacher Ed (Biology with Physics/Chemistry/Ag Science),478,,509,507,,531.0,521,,555.0
LM093,Equine Science,338,,381,339,,412.0,367,,431.0
LM094,Materials and Architectural Technology with concurrent Teacher Education,405,,433,440,,478.0,475,,501.0
LM095,Materials and Engineering Technology with concurrent Teacher Education,358,,409,367,,421.0,425,,452.0
LM096,Science with Teacher Ed (Physical Sciences with Chemistry and Physics),382,,422,405,,454.0,454,,488.0
LM097,Mathematics and Computer Science with concurrent Teacher Education,,,,402,,509.0,465,,499.0
LM099,Architecture (portfolio requirement suspended),419,,473,498,,532.0,520,,543.0
LM100,Physiotherapy,565,,577,589,,601.0,613,,613.0
LM101,Medicine  - Graduate Entry (GAMSAT required),55,,57,55,,57.0,57,,59.0
LM102,Psychology,495,,519,509,,529.0,534,,565.0
LM103,Paramedic Studies (B/C1/C1 Provisional Drivers Licence),313,,403,392,,445.0,429,,455.0
LM105,Exercise and Health Fitness Management,,,,,,,441,,473.0
LM115,Chemical and Biochemical Engineering,456,,520,454,,532.0,476,,520.0
LM116,Engineering (Biomedical/Civil/Design and Manufacture/Mechanical),434,,498,476,,521.0,498,,544.0
LM118,Electronic and Computer Engineering,401,,498,403,,489.0,445,,487.0
LM121,Computer Science (Computer Systems/Games Dev/Mobile Comm Security),352,,420,351,,423.0,402,,461.0
LM122,Creative Media and Interaction Design (Digital Design/Music Media Tech),330,,430,327,,401.0,382,,467.0
LM123,Biological & Chemical Sciences (Biosci/Envir Sci/Ind Bio/IndPharma Chem),412,,455,441,,478.0,498,,533.0
LM124,Mathematics (Math Science/Maths and Physics/Economics and Math Scien,)427,,521,437,,509.0,455,,532.0
LM125,Physics (Applied Physics or Mathematics and Physics),405,,509,404,,520.0,489,,577.0
LM150,General Nursing,440,,463,475,,498.0,498,487.0,496.0
LM152,Mental Health Nursing,388,,418,419,,430.0,478,466.0,476.0
LM154,Intellectual Disability Nursing,381,,408,420,,473.0,462,443.0,474.0
LM156,Midwifery,429,,444,469,,499.0,521,508.0,521.0
LY108,Business - Accounting,318,,399,309,,431.0,312,,432.0
LY118,Business,287,,352,290,,377.0,288,,387.0
LY128,Marketing with Online Technologies,,,,,,,261,261.0,369.0
LY208,Law,300,,359,300,,367.0,300,290.0,388.0
LY218,Business - with Spanish/Irish options,298,,367,,,,,,
LY228,Sports and Exercise - Common Entry,278,,330,300,,367.0,290,,379.0
LY408,Design - Common Entry,307,,368,320,,381.0,301,,380.0
LY508,Fire Safety Engineering,270,,299,276,,326.0,283,,352.0
LY518,Quantity Surveying,307,,368,301,,368.0,304,,387.0
LY528,Construction Management,267,,291,271,,321.0,262,,298.0
LY538,Architectural Technology,,,,,,,234,234.0,403.0
LY608,Mechanical Engineering,304,,333,300,,379.0,300,,390.0
LY618,Electronic Engineering,307,,339,312,,402.0,321,,368.0
LY708,Applied Computing,300,,348,306,,372.0,320,,430.0
LY748,Computer Science,,,,317,317,420.0,316,,421.0
LY818,Science - Common Entry,302,,371,303,,409.0,302,,411.0
LY828,Agriculture - Common Entry,300,,342,307,,351.0,308,300.0,360.0
LY908,General Nursing,383,,390,400,,423.0,429,,441.0
LY918,Psychiatric Nursing,291,,332,357,,387.0,367,,399.0
LY928,Intellectual Disability Nursing,288,,299,326,,346.0,357,,386.0
LY968,"Early Childhood Care, Health and Education",300,,336,303,,361.0,288,,380.0
LY978,Health & Social Care (Common Entry),260,,299,280,,330.0,279,,347.0
MH001,Education - Primary Teaching (Froebel),496,,520,507,,531.0,564,,578.0
MH002,Education - Primary Teaching - Gaeltacht Applicants (Froebel),441,,,,,,,,
MH003,Early Childhood - Teaching and Learning (full-time),,,,,,,381,,430.0
MH101,Arts,316,,369,318,,388.0,338,336.0,409.0
MH103,Music,,,367,,,,,,
MH106,Psychology - 3 years,495,,499,521,,529.0,554,,555.0
MH107,Social Science,326,,349,346,,388.0,390,,440.0
MH109,Media Studies,317,,377,316,,377.0,324,,393.0
MH116,Community and Youth Work (Full-Time),,,271,,,,,,
MH201,Science,350,,392,360,,418.0,401,400.0,456.0
MH202,Biotechnology,429,,446,455,,466.0,490,489.0,509.0
MH203,Biological and Geographical Sciences,,,,430,,465.0,451,,477.0
MH204,Physics with Astrophysics,420,,488,422,,479.0,422,,499.0
MH206,Theoretical Physics and Mathematics,498,,566,510,,533.0,521,,578.0
MH207,Data Science,434,,466,445,,520.0,444,,510.0
MH208,Biological and Biomedical Sciences,451,,476,498,,510.0,543,,554.0
MH209,Psychology (through Science) - 4 years,473,,485,498,,510.0,529,,531.0
MH210,Pharmaceutical and Biomedical Chemistry,446,,466,487,,520.0,510,,532.0
MH212,Science|Maths and Computer Science|Mathematics (with Education),444,,476,422,,487.0,452,443.0,498.0
MH304,Engineering (Computer/Electronic/Communications),371,,423,333,333,444.0,351,351.0,454.0
MH305,Product Design,358,,411,357,,409.0,326,,397.0
MH306,Robotics and Intelligent Devices,361,,424,361,,433.0,362,,445.0
MH401,Finance (options),352,,392,357,,398.0,370,,418.0
MH402,Quantitative Finance,476,,487,476,,509.0,476,,521.0
MH403,Accounting and Finance,402,,432,422,,468.0,424,,473.0
MH404,Business (options),400,,429,430,,454.0,441,,473.0
MH405,Equine Business,357,,398,357,,408.0,,,
MH407,Business and Accounting,401,,420,420,,462.0,423,,473.0
MH411,Entrepreneurship,358,,388,371,,408.0,378,,409.0
MH501,LLB Law - four year Single Major Law programme,451,,476,473,,495.0,507,,531.0
MH502,Law (options),410,,442,451,,473.0,465,,498.0
MH601,Computer Science through Arts (options),342,,369,352,,403.0,381,,423.0
MH602,Computer Science through Science (options),357,,413,351,,409.0,400,,444.0
MH603,Computational Thinking,520,,543,532,,544.0,520,,579.0
MH801,Early Childhood - Teaching and Learning (part-time),347,,358,327,,378.0,,,319.0
MH802,"Community and Youth Work (part-time, in service)",,,,,,,,,
MH803,"Local Studies/Community Studies (part-time, evening) - Mature Students",,,,,,,,,
MI001,Contemporary & Applied Theatre Studies,345,,381,375,,412.0,209,,484.0
MI002,Arts,300,,378,300,281,389.0,280,,408.0
MI004,Education - Primary Teaching - International,,,,577,,589.0,589,,601.0
MI005,Education - Primary Teaching,473,,506,495,,521.0,522,,554.0
MI006,Education - Primary Teaching - Gaeltacht Applicants,442,,473,456,,519.0,485,,522.0
MI007,Early Childhood Care and Education,366,,402,357,,409.0,409,,462.0
MI008,Education and Psychology - Primary Teaching,543,,555,588,,601.0,590,,602.0
MI009,"Education, Business Studies and Accounting (Thurles Campus)",392,,420,402,,455.0,434,,477.0
MI010,"Education, Business Studies and Religious Studies",326,,355,368,,389.0,370,,412.0
MI011,"Education, Irish and Religious Studies (Thurles Campus)",377,,387,409,,451.0,407,,444.0
MI012,"Education, Irish and Business Studies (Thurles Campus)",398,,440,401,,463.0,387,,451.0
MI013,"Education, Mathematics and Gaeilge",433,,465,444,,477.0,509,,543.0
MI014,"Education, Mathematics and Business Studies",,,,434,,487.0,476,,531.0
MU001,Theology and Arts,290,,318,290,290,349.0,294,294.0,332.0
MU002,Theology,292,,377,440,,440.0,,,411.0
NC003,Computing (Degree Award options),261,,316,260,,303.0,271,,334.0
NC005,Human Resource Management,297,,320,300,,331.0,301,,360.0
NC009,Business,297,,339,300,,346.0,300,,371.0
NC010,Psychology,366,,399,400,,440.0,420,,465.0
NC020,Marketing Practice,270,,307,280,,338.0,270,,329.0
NC022,Accounting and Finance,338,,376,337,,378.0,330,,390.0
NC023,Technology Management (with specialisations),260,,303,261,,282.0,266,,356.0
NC025,Data Science,297,,371,,,,,,
NC030,Early Childhood Education and Care,,,,,,,251,251.0,308.0
NM801,Montessori Education,,,,220,,290.0,262,,320.0
NM802,Psychology,,,,,,,228,,338.0
PC405,"Social, Political and Community Studies",251,,296,253,216,311.0,263,235.0,298.0
PC410,Arts and Humanities (fulfils Teaching Council requirements),203,,289,252,209,300.0,262,230.0,336.0
PC411,English and History (fulfils Teaching Council requirements),168,,289,255,209,310.0,243,224.0,356.0
RC001,Medicine - Undergraduate Entry (HPAT required),729,,733,733,,738.0,741,740.0,741.0
RC004,Physiotherapy,532,,542,566,,567.0,589,589.0,589.0
RC005,Pharmacy,555,,566,579,,589.0,613,613.0,613.0
RC101,Medicine - Graduate Entry (GAMSAT required),60,,62,,,63.0,,,66.0
SG141,Business,252,,317,261,,347.0,262,,346.0
SG142,Business in International Marketing and Languages (French),270,,388,279,,386.0,,,
SG144,Business in International Marketing and Languages (Spanish),280,,388,270,,347.0,,,
SG145,Business and ICT,,,,,,,279,,411.0
SG146,Accounting,307,,347,309,,411.0,304,,403.0
SG147,Sport with Business,269,,316,307,,367.0,288,,340.0
SG148,Tourism with Event Management,246,,282,269,,340.0,298,,328.0
SG149,Business in Finance and Investment,262,,357,,,,,,
SG150,Business in Marketing,,,,,,,298,,360.0
SG241,Performing Arts,279,,348,328,,387.0,341,,393.0
SG242,Early Childhood Care and Education,278,,318,279,,319.0,287,,368.0
SG243,Social Care Practice,297,,338,301,,346.0,309,,357.0
SG244,Fine Art,355,,496,505,,505.0,501,,643.0
SG245,Creative Design,261,,338,282,,339.0,332,,357.0
SG246,Computing,295,,368,290,,333.0,316,,402.0
SG247,English and Psychology,308,,336,309,,382.0,319,,357.0
SG248,Sociology and Politics,282,,320,281,,327.0,298,,328.0
SG249,Writing and Literature,279,,338,297,,368.0,308,,409.0
SG250,Application Design and User Experience,290,,431,412,,412.0,,,
SG251,Computing (Smart Technologies),303,,391,327,,367.0,,,
SG252,Software Development,300,,354,307,,319.0,310,,413.0
SG253,Computer Networks and Cloud Infrastructure,273,,341,324,,378.0,336,,374.0
SG254,Writing and Literature Online,,,,225,225,328.0,327,,393.0
SG255,Law and Business,,,,,,,291,,398.0
SG341,General Engineering,,,,,,,373,,467.0
SG342,Civil Engineering,,,,415,,480.0,418,,498.0
SG343,Quantity Surveying,261,,302,311,,367.0,300,,385.0
SG344,Mechanical Engineering,,,,,,,412,,509.0
SG346,Construction Project Management and Applied Technology,289,,351,291,,337.0,313,,362.0
SG347,Architecture,309,,357,360,,411.0,403,,462.0
SG348,Interior Architecture and Design,,,,316,,368.0,359,,410.0
SG349,Electronics and Self Driving Technologies,,,,,,,,,0.0
SG350,Robotics and Automation,,,,,,,384,,478.0
SG441,Environmental Science,297,,358,,,,,,
SG442,Occupational Safety and Health,289,,330,290,,367.0,307,,360.0
SG443,Human Nutrition,357,,419,356,,397.0,376,,440.0
SG444,Science Undenominated,308,,369,338,,420.0,358,,430.0
SG445,Pharmaceutical Science with Drug Development,347,,369,311,,367.0,357,,401.0
SG446,Applied Archaeology,289,,290,,,,,,
SG447,Health Science and Physical Activity,316,,363,328,,387.0,326,,389.0
SG448,Forensic Investigation and Analysis,306,,348,306,,368.0,308,,376.0
SG449,Medical Biotechnology,329,,352,341,,395.0,315,,403.0
SG450,Environmental Science with Ecology (Level 8),,,,300,,368.0,310,,430.0
TA022,Creative Digital Media,260,,318,,,,,,
TA023,Advertising and Marketing Communications,235,,299,,,,,,
TA024,Early Childhood Care and Education,217,,307,,,,,,
TA025,Social Care Practice,261,,297,,,,,,
TA026,International Hospitality and Tourism Management,208,,269,,,,,,
TA027,Botanical Cuisine,236,,273,,,,,,
TA028,Digital Marketing Technologies,220,,313,,,,,,
TA121,Accounting and Finance,202,,328,,,,,,
TA122,Management,218,,297,,,,,,
TA123,Marketing Management,207,,284,,,,,,
TA125,International Business,229,,300,,,,,,
TA221,Electronic Engineering,251,,321,,,,,,
TA222,Mechanical Engineering,243,,302,,,,,,
TA223,Sustainable Energy Engineering,236,,305,,,,,,
TA224,Biomedical Design,218,,324,,,,,,
TA225,Automation Engineering,235,,288,,,,,,
TA226,Engineering Software,243,,304,,,,,,
TA321,Pharmaceutical Science,261,,298,,,,,,
TA322,Computing,200,,294,,,,,,
TA323,Computing with IT Management,243,,309,,,,,,
TA326,DNA and Forensic Analysis,300,,362,,,,,,
TA327,Sports Science and Health,341,,381,,,,,,
TA328,Computing with Language (French/German/Spanish),218,,317,,,,,,
TA329,Computing with Data Analytics,218,,296,,,,,,
TL801,"Animation, Visual Effects and Motion Design (Level 8)",281,,341,281,,349.0,718,,823.0
TL802,"TV, Radio and New Media (Level 8)",306,,356,325,,397.0,322,,413.0
TL803,Music Technology,264,,288,,,,,,
TL810,Computing with Software Development,309,,341,310,,389.0,308,,399.0
TL811,Computing with Games Development,310,,334,358,,,322,,342.0
TL812,Computing with Digital Media,369,,369,,,,,,
TL815,Computing (Degree Award options),308,,378,308,,360.0,307,,453.0
TL823,Event Management (3 year programme),291,,346,299,,369.0,293,,369.0
TL831,Business Studies (Major Specialism in: Acctng or Mktg or Mgmnt),307,,372,306,,381.0,306,,408.0
TL842,Construction Management,,,,,,,,,0.0
TL844,Agricultural Engineering,311,,368,300,,373.0,301,,392.0
TL845,Civil Engineering,300,,364,325,,413.0,361,,395.0
TL847,Manufacturing Engineering,,,,302,,368.0,305,,338.0
TL848,Agricultural Science,331,,362,308,,380.0,307,,367.0
TL851,Wildlife Biology (Degree Award options),310,,362,309,,383.0,309,,400.0
TL855,Pharmaceutical Science (Degree Award options),342,,386,317,,369.0,316,,419.0
TL858,Veterinary Bioscience,326,,369,308,,393.0,317,,402.0
TL871,Health and Leisure (Degree Award options),303,,346,300,,379.0,303,,389.0
TL872,Health and Leisure with Massage,288,,357,309,,408.0,314,,381.0
TL873,Coaching and Sports Performance,282,,336,289,,329.0,308,,371.0
TL874,Inclusive Sport and Physical Activity,,,,,,,341,,476.0
TL880,Early Childhood Care and Education,307,,347,307,,349.0,309,,369.0
TL881,Social Care,308,,356,308,,362.0,301,,377.0
TL889,Counselling with Addiction - Mature applicants only,,,,,,,,,0.0
TL890,General Nursing and Mature Applicants,407,,431,440,414,441.0,463,,484.0
TL891,Mental Health Nursing and Mature Applicants,367,,379,389,378,399.0,440,419.0,430.0
TR002,Music,414,,473,435,429,468.0,508,477.0,513.0
TR003,History,486,,518,497,493,511.0,552,543.0,558.0
TR004,Law,532,,552,566,565,578.0,590,589.0,601.0
TR005,Philosophy,391,,446,442,,476.0,510,497.0,510.0
TR006,Psychology,555,,577,567,555,578.0,601,590.0,602.0
TR007,Clinical Speech and Language Studies,499,,529,529,,553.0,564,,577.0
TR009,Music Education,430,,465,420,,532.0,496,486.0,530.0
TR012,History and Political Science,532,,557,555,554,578.0,,,
TR015,"Philosophy, Political Science, Economics and Sociology",566,,577,589,,601.0,613,613.0,625.0
TR016,Deaf Studies,337,,372,340,,377.0,389,,440.0
TR017,Law and Business,576,,589,602,,613.0,,,
TR018,Law and French,532,,554,565,,589.0,602,602.0,613.0
TR019,Law and German,523,,555,543,542,566.0,577,567.0,588.0
TR020,Law and Political Science,567,,600,602,,613.0,,,
TR021,"Classics, Ancient History and Archaeology",377,,495,370,,434.0,467,462.0,501.0
TR022,Early and Modern Irish,347,,407,398,,451.0,377,,473.0
TR023,English Studies,463,,511,487,476,511.0,546,541.0,555.0
TR024,European Studies,520,,544,544,542,566.0,566,,589.0
TR025,Drama and Theatre Studies,489,,531,564,530,581.0,543,519.0,552.0
TR028,Ancient and Medieval History and Culture,339,,451,342,,453.0,498,463.0,474.0
TR029,Political Science and Geography,477,,500,526,520,533.0,,,
TR031,Mathematics,566,,589,531,,589.0,579,578.0,613.0
TR032,Engineering,487,,520,510,509,533.0,556,555.0,581.0
TR033,Computer Science,465,,488,509,,545.0,566,549.0,578.0
TR034,Management Science and Information Systems Studies,589,,602,613,,625.0,625,625.0,625.0
TR035,Theoretical Physics,554,,601,543,,601.0,590,589.0,613.0
TR038,Engineering with Management,499,,543,532,,556.0,589,589.0,613.0
TR039,Computer Science and Language,435,,498,454,424,488.0,443,,531.0
TR040,Middle Eastern and European Languages and Cultures,485,,518,466,,521.0,520,499.0,531.0
TR041,Religion,347,,393,368,,418.0,417,,476.0
TR042,Film,,,,489,476,498.0,531,522.0,532.0
TR043,History of Art and Architecture,,,,393,354,474.0,498,486.0,519.0
TR051,Medicine (HPAT required),730,,739,735,734,745.0,743,743.0,751.0
TR052,Dental Science,590,,602,613,613,625.0,625,625.0,625.0
TR053,Physiotherapy,533,,544,566,566,567.0,590,,601.0
TR054,Occupational Therapy,500,,520,533,,554.0,578,577.0,589.0
TR055,Radiation Therapy,510,,521,543,,554.0,577,566.0,577.0
TR056,Human Health and Disease,543,,565,565,,578.0,601,,613.0
TR060,Biological and Biomedical Sciences,510,,542,543,543,566.0,578,577.0,590.0
TR061,Chemical Sciences,488,,520,517,510,532.0,558,554.0,564.0
TR062,Geography and Geoscience,435,,485,473,,499.0,495,,531.0
TR063,Physical Sciences,498,,543,498,498,531.0,554,543.0,566.0
TR064,Environmental Science and Engineering,,,,,,,555,,578.0
TR072,Pharmacy,555,,577,590,,613.0,613,613.0,625.0
TR080,Global Business,565,,577,589,,601.0,613,,625.0
TR081,"Business, Economic and Social Studies (BESS)",518,,542,543,543,565.0,577,567.0,589.0
TR082,Computer Science and Business,510,,542,555,,578.0,,,
TR083,Sociology and Social Policy,451,,474,498,487,513.0,,,
TR084,Social Studies (Social Work),420,,462,462,,495.0,497,487.0,508.0
TR085,Business Studies and French,509,,553,540,531,543.0,564,,577.0
TR086,Business Studies and German,474,,495,509,499,518.0,530,,533.0
TR087,Business Studies and Russian,467,,487,474,465,488.0,487,,521.0
TR089,Business Studies and Polish,393,,434,444,424,468.0,391,,432.0
TR090,Business Studies and Spanish,510,,543,531,,542.0,566,,589.0
TR091,General Nursing (Meath and St James`s),393,,420,429,,455.0,462,456.0,487.0
TR093,General Nursing (Adelaide School of Nursing),378,,409,430,429,441.0,473,,484.0
TR095,Mental Health Nursing,358,,377,408,,430.0,442,,455.0
TR097,Intellectual Disability Nursing,346,,350,396,,398.0,412,410.0,419.0
TR111,Ancient History and Archaeology/Geography,,,,352,,429.0,496,,530.0
TR112,Ancient History and Archaeology/History,,,,529,,,577,,577.0
TR113,Ancient History and Archaeology/History of Art and Architecture,,,,337,,477.0,528,,541.0
TR114,Ancient History and Archaeology/Modern Language,,,,337,,420.0,507,,512.0
TR117,Ancient History and Archaeology/Religion,,,,342,,368.0,494,,625.0
TR166,Classical Civilisation/English Literature,,,,498,496,523.0,552,,567.0
TR173,Classical Civilisation/History of Art and Architecture,,,,335,,466.0,420,,487.0
TR177,Classical Civilisation/Modern Language,,,,335,,536.0,484,,543.0
TR179,Classical Civilisation/Philosophy,,,,499,,518.0,508,,522.0
TR188,Computer Science/Business Studies,,,,,,,584,,602.0
TR198,Economics/Geography,,,,534,,552.0,968,956.0,
TR202,Economics/History,,,,534,,566.0,601,,625.0
TR207,Economics/Mathematics,,,,566,,601.0,613,,625.0
TR208,Economics/Modern Language,,,,534,,578.0,589,,611.0
TR209,Economics/Philosophy,,,,534,,576.0,588,,611.0
TR212,Economics/Sociology,,,,534,,541.0,589,,606.0
TR214,Social Policy/Economics,,,,,,,611,,611.0
TR228,Classical Languages/English Literature,,,,498,,533.0,555,,583.0
TR230,Classical Languages/Linguistics,,,,,,,501,,501.0
TR231,Classical Languages/History of Art and Architecture,,,,349,,444.0,613,,613.0
TR233,"Classical Languages/Middle Eastern,Jewish and Islamic Civilisations",,,,349,,566.0,583,,583.0
TR239,Classical Languages/Modern Language,,,,349,,349.0,543,,558.0
TR240,Computer Science/Geography,,,,,,,482,,541.0
TR241,Computer Science/Linguistics,,,,,,,495,,532.0
TR262,English Literature/History,,,,529,,552.0,576,,600.0
TR263,English Literature/History of Art and Architecture,,,,498,497,533.0,571,,576.0
TR269,English Literature/Philosophy,,,,499,,532.0,555,,584.0
TR272,English Literature/Sociology,,,,498,,519.0,553,,567.0
TR276,English Literature/Drama Studies,,,,498,,530.0,555,,589.0
TR277,English Literature/Modern Language,,,,498,495,543.0,554,,586.0
TR311,Film/Drama Studies,,,,521,,557.0,578,,578.0
TR312,Film/English Literature,,,,521,,541.0,576,,590.0
TR320,Film/Music,,,,521,,555.0,584,,601.0
TR322,Geography/History,,,,529,,555.0,578,,613.0
TR323,Drama Studies/Modern Language,,,,473,,551.0,495,,589.0
TR324,Film/Modern Language,,,,521,,544.0,577,,589.0
TR325,Film/History,,,,529,,625.0,578,,613.0
TR326,Geography/Modern Language,,,,352,,440.0,451,,500.0
TR328,Political Science/Geography,,,,,,,564,,590.0
TR332,Geography/Sociology,,,,498,496,520.0,522,,554.0
TR443,History/History of Art and Architecture,,,,529,,532.0,581,,613.0
TR447,History/Modern Language,,,,529,,554.0,576,,576.0
TR449,History/Philosophy,,,,529,,543.0,579,,590.0
TR452,History/Sociology,,,,529,,534.0,,,
TR454,History/Religion,,,,529,,534.0,,,
TR455,History of Art and Architecture/Modern Language,,,,334,,454.0,451,,512.0
TR457,History/Political Science,,,,,,,576,,590.0
TR479,History of Art and Architecture/Philosophy,,,,499,,555.0,509,,531.0
TR482,Sociology/History of Art and Architecture,,,,,,,522,,541.0
TR547,"Middle Eastern,Jewish and Islamic Civ./Ancient History and Archaeology",,,,337,,473.0,543,,543.0
TR548,"Middle Eastern,Jewish and Islamic Civilisations/Classical Civilisation",,,,335,,543.0,544,,544.0
TR554,"Middle Eastern,Jewish and Islamic Civilisations/History",,,,529,,555.0,576,,580.0
TR563,"Middle Eastern,Jewish and Islamic Civilisations/Modern Language",,,,335,,451.0,590,,590.0
TR564,"Middle Eastern,Jewish and Islamic Civilisations/Music",,,,,,,,,
TR565,"Middle Eastern,Jewish and Islamic Civilisations/Religion",,,,342,,,999,949.0,
TR580,Business Studies/Law,,,,,,,625,,625.0
TR581,History/Law,,,,,,,625,,625.0
TR582,Political Science/Law,,,,,,,625,,625.0
TR587,"Middle Eastern,Jewish and Islamic Civilisations/Linguistics",,,,,,,,,
TR588,Linguistics/Modern Language,,,,,,,456,,519.0
TR589,Linguistics/Philosophy,,,,,,,520,,553.0
TR592,"Sociology/Middle Eastern,Jewish and Islamic Civilisations",,,,,,,531,,539.0
TR597,Mathematics/Modern Language,,,,566,,625.0,613,,613.0
TR598,Mathematics/Music,,,,566,,,625,,625.0
TR599,Mathematics/Philosophy,,,,566,,589.0,625,,625.0
TR629,Music/Philosophy,,,,499,,,533,,533.0
TR635,Music/Drama Studies,,,,473,,487.0,532,,532.0
TR636,Music/Modern Language,,,,388,,455.0,530,,555.0
TR638,Music/Religion,,,,388,,440.0,,,
TR639,Philosophy/Modern Language,,,,499,,613.0,520,,540.0
TR662,Philosophy/Sociology,,,,499,,531.0,531,,542.0
TR663,Religion/Classical Civilisation,,,,342,,591.0,418,,442.0
TR664,Religion/English Literature,,,,498,,565.0,968,,
TR665,Religion/History of Art and Architecture,,,,342,,452.0,369,,494.0
TR666,Religion/Modern Language,,,,,,,,,
TR667,French/Modern Language,,,,403,,478.0,466,,508.0
TR668,German/Modern Language,,,,389,,465.0,441,,521.0
TR669,Irish/Modern Language,,,,368,,473.0,464,,533.0
TR670,Italian/Modern Language,,,,381,,466.0,462,,498.0
TR671,Russian/Modern Language,,,,332,,494.0,501,,525.0
TR672,Spanish/Modern Language,,,,336,,488.0,486,,552.0
TR755,Sociology/Drama Studies,,,,498,,543.0,,,
TR756,Sociology/Modern Language,,,,498,495,510.0,522,,545.0
TR757,Modern Language/Social Policy,,,,,,,555,,566.0
TR758,Social Policy/Political Science,,,,,,,566,,597.0
TR759,Sociology/Social Policy,,,,,,,554,,579.0
TR911,Children`s and General Nursing (Integrated),476,,487,511,510,521.0,531,,544.0
TR913,Midwifery,423,,462,478,477,508.0,521,,543.0
TU801,Biomedical Design,,,,235,,381.0,235,,329.0
TU802,Electrical Services and Energy Management,,,,317,300,352.0,309,,359.0
TU803,Electronic Engineering,,,,243,243,337.0,,,
TU804,Engineering (Common Entry with Award options),,,,271,,338.0,270,,361.0
TU805,Engineering (General Entry),,,,402,,466.0,466,465.0,499.0
TU806,Sustainable Energy Engineering,,,,262,,318.0,,,
TU807,Computer Engineering in Mobile Systems,,,,276,,305.0,274,,339.0
TU808,Engineering Software,,,,260,260,339.0,,,
TU809,Mechanical Engineering,,,,235,,347.0,,,
TU810,Mechatronic Engineering,,,,270,,312.0,271,,399.0
TU811,Product Design,,,,411,,444.0,440,434.0,479.0
TU812,"Design,Technology and Innovation",,,,270,,350.0,278,,335.0
TU813,Automation Engineering,,,,218,218,339.0,,,
TU814,Transport Operations and Technology,,,,285,251,372.0,253,253.0,349.0
TU828,Mechanical Engineering (General Entry),,,,,,,300,,386.0
TU829,Electronic Engineering (General Entry),,,,,,,248,248.0,354.0
TU831,Architectural Technology,,,,410,,444.0,423,,455.0
TU832,Architecture (Suitability Test and Interview),,,,622,,658.0,644,638.0,682.0
TU833,Construction Management,,,,367,,404.0,396,,429.0
TU834,Geographic Science,,,,288,,357.0,315,,370.0
TU835,Planning and Environmental Management,,,,313,,349.0,330,,393.0
TU836,Property Economics (Valuation Surveying),,,,401,,433.0,411,,444.0
TU837,Quantity Surveying and Construction Economics,,,,385,,418.0,413,,455.0
TU838,Sustainable Timber Technology,,,,,,,307,271.0,385.0
TU851,Analytical Chemistry (Environmental Forensic and Pharmaceutical),,,,349,,419.0,400,,464.0
TU852,Chemical Sciences with Medicinal Chemistry,,,,476,,498.0,477,,499.0
TU854,Science (General Entry),,,,476,,495.0,510,,532.0
TU855,Science with Nanotechnology,,,,331,319,368.0,322,,382.0
TU856,Computer Science,,,,476,,487.0,499,,531.0
TU857,Computer Science (Infrastructure),,,,391,,419.0,403,,443.0
TU858,Computer Science (International),,,,377,,424.0,395,,444.0
TU859,Computing,,,,217,234,308.0,251,,336.0
TU860,Computing (Information Technology),,,,260,,329.0,270,,356.0
TU861,Computing with Language (French/German/Spanish),,,,308,308,348.0,235,235.0,370.0
TU862,Computing with Artificial Intelligence Machine Learning,,,,226,226,288.0,262,,310.0
TU863,Digital Forensics and Cyber Security,,,,280,,338.0,282,,346.0
TU864,DNA and Forensic Analysis,,,,400,390,429.0,500,441.0,465.0
TU865,Cloud Computing,,,,226,,331.0,235,,308.0
TU866,Biomedical and Molecular Diagnostics,,,,487,,498.0,522,,540.0
TU867,Biomedical Science,,,,524,,542.0,576,566.0,578.0
TU868,Clinical Measurement Science,,,,510,,520.0,542,,554.0
TU869,Environmental Health,,,,336,,375.0,387,,434.0
TU870,Human Nutrition and Dietetics,,,,578,,589.0,601,,613.0
TU871,Optometry,,,,509,,530.0,532,,544.0
TU872,Public Health Nutrition,,,,491,,512.0,487,,521.0
TU873,Industrial Mathematics,,,,250,250,392.0,,,
TU874,Mathematical Sciences,,,,341,,407.0,294,294.0,434.0
TU875,Pharmaceutical Healthcare,,,,400,,440.0,451,,477.0
TU876,Pharmaceutical Science,,,,377,349,391.0,445,,474.0
TU877,Physics Technology,,,,308,,373.0,314,314.0,422.0
TU878,Physics with Energy and Environment,,,,337,337,444.0,339,,408.0
TU879,Physics with Medical Physics and Bioengineering,,,,351,,403.0,346,,430.0
TU880,Physics with Data Science,,,,578,,,412,,532.0
TU881,Food Innovation,,,,318,,389.0,309,,423.0
TU882,Nutraceuticals in Health and Nutrition,,,,397,,442.0,380,,447.0
TU901,Business,,,,270,,307.0,,,
TU902,Business (options),,,,271,,359.0,270,,327.0
TU903,Business and Management,,,,463,,485.0,477,,509.0
TU904,Business and Law,,,,462,,487.0,462,,486.0
TU905,Economics and Finance,,,,465,,488.0,460,,488.0
TU906,Human Resource Management,,,,395,,414.0,386,377.0,412.0
TU907,Logistics and Supply Chain Management,,,,300,,387.0,300,,367.0
TU908,Management,,,,262,253,337.0,,,
TU909,Accounting and Finance,,,,285,,326.0,,,
TU910,Accounting and Finance,,,,444,,466.0,420,,462.0
TU911,Accounting and Finance,,,,209,192,319.0,,,
TU912,Business Analytics,,,,330,,366.0,331,311.0,367.0
TU913,Business and Information Technology,,,,252,,299.0,,,
TU914,Business Computing,,,,324,,366.0,322,,377.0
TU915,International Business,,,,252,,302.0,,,
TU916,International Business,,,,235,235,337.0,,,
TU917,Law (LLB ) with a Language,,,,342,,433.0,356,,451.0
TU918,Law (LLB),,,,451,,478.0,463,,499.0
TU919,Advertising and Marketing Communications,,,,228,226,311.0,219,,327.0
TU920,Digital Marketing,,,,270,,318.0,270,,339.0
TU921,Digital Marketing Technologies,,,,212,212,300.0,230,,298.0
TU922,Marketing,,,,418,,443.0,412,,446.0
TU923,Marketing Management,,,,228,276,318.0,,,
TU924,E-Commerce in Retailing,,,,307,,380.0,307,,380.0
TU925,Retail and Services Management,,,,301,,362.0,307,,368.0
TU932,Business (options),,,,,,,211,,337.0
TU933,Accounting and Finance (campus options),,,,,,,251,,346.0
TU935,Sports Management and Coaching,,,,300,,347.0,300,,368.0
TU936,Sports Science and Health,,,,410,391,419.0,484,,498.0
TU941,Botanical Cuisine,,,,249,,257.0,311,,380.0
TU942,Culinary Arts,,,,212,212,340.0,252,,348.0
TU943,Culinary Entrepreneurship,,,,278,,357.0,261,,387.0
TU944,Culinary Science,,,,316,,379.0,336,,393.0
TU951,International Hospitality and Tourism Management,,,,184,184,298.0,244,,316.0
TU952,International Hospitality Management,,,,300,,368.0,309,,398.0
TU953,Tourism and Digital Marketing,,,,290,,359.0,308,,366.0
TU954,Event Management,,,,356,,404.0,326,,402.0
TU955,Sports and Leisure Management,,,,217,317,347.0,275,,349.0
TU961,Commercial Modern Music (BIMM - assessment/audition),,,,608,608,848.0,536,536.0,881.0
TU962,"Drama (Performance, audition)",,,,379,,500.0,448,,551.0
TU963,Music (audition),,,,416,,535.0,364,,561.0
TU965,International Business and Languages,,,,356,346,413.0,357,,442.0
TU966,Languages and English Studies,,,,366,,466.0,,,
TU967,Languages and International Tourism,,,,308,,388.0,298,,390.0
TU971,Contemporary Visual Culture,,,,290,,320.0,,,
TU972,Creative and Cultural Industries,,,,281,,369.0,,,
TU973,Design - Visual Communication,,,,717,,865.0,700,,953.0
TU974,Fine Art (portfolio),,,,709,563,826.0,549,,704.0
TU975,Interior Design (portfolio),,,,632,,879.0,544,,919.0
TU976,Photography (portfolio),,,,695,,926.0,700,,952.0
TU978,Creative Industries and Visual Culture,,,,,,,299,,440.0
TU981,Creative Digital Media,,,,280,,318.0,280,,347.0
TU982,Media Production and Digital Arts,,,,320,311,352.0,369,,412.0
TU983,Film and Broadcasting,,,,456,451,484.0,462,453.0,496.0
TU984,Game Design,,,,381,,419.0,414,,455.0
TU985,Journalism,,,,322,,377.0,367,,409.0
TU986,Print Media Technology and Management,,,,289,,300.0,,,
TU989,Early Childhood Care and Education (campus options),,,,,,,270,,337.0
TU991,Applied Social Studies in Social Care,,,,325,,352.0,326,,356.0
TU992,Community Development and Youth Work,,,,251,,297.0,251,,311.0
TU993,Early Childhood Care and Education,,,,270,,311.0,,,
TU994,Early Childhood Care and Education,,,,321,251,304.0,,,
TU995,Early Childhood Education,,,,367,,409.0,378,,412.0
TU996,Social Care,,,,400,,419.0,407,,440.0
TU997,Applied Social Care,,,,310,283,318.0,320,,368.0
WD001,Applied Computing (options),279,,358,260,260,413.0,270,261.0,423.0
WD002,Science (options),302,,377,308,,388.0,279,,388.0
WD005,Health Sciences (options),288,,347,280,,338.0,271,,368.0
WD006,Exercise Sciences (options),282,,337,280,,359.0,270,,357.0
WD007,Engineering (options),287,,382,288,288,409.0,270,270.0,432.0
WD025,Construction Management and Engineering,269,,327,269,,341.0,262,,357.0
WD027,Music,290,,317,262,,409.0,321,,437.0
WD048,Business (options),278,,357,271,,371.0,279,,387.0
WD084,Accounting,307,,403,308,,411.0,308,,476.0
WD091,Hospitality Management,210,,281,228,,310.0,225,,337.0
WD116,General Nursing,413,,430,422,,451.0,446,,473.0
WD117,Psychiatric Nursing,361,,382,366,,388.0,415,,430.0
WD120,Intellectual Disability Nursing,338,,359,377,,388.0,390,,404.0
WD134,International Business,289,,350,290,,362.0,267,,368.0
WD137,Design (Visual Communications),253,,373,271,,351.0,252,,360.0
WD140,Laws,290,,352,280,,367.0,280,,394.0
WD144,Architecture,283,,385,284,,359.0,309,,401.0
WD147,Pharmaceutical Science,298,,363,293,,390.0,288,,402.0
WD148,Tourism Marketing,269,,338,,,,,,
WD149,Early Childhood Studies,288,,336,271,,368.0,,,
WD150,Criminal Justice Studies,271,,311,270,,331.0,280,,359.0
WD152,Visual Art,253,,323,,,317.0,243,,359.0
WD161,Computer Forensics and Security,262,,401,255,,380.0,270,,347.0
WD162,Quantity Surveying,260,,320,216,,306.0,226,,337.0
WD163,Psychology,390,,429,434,,473.0,456,,487.0
WD186,Sports Coaching and Performance,276,,327,270,,344.0,261,,358.0
WD187,Social Science,271,,321,272,,348.0,276,,367.0
WD191,Agricultural Science,378,,421,377,,420.0,377,,434.0
WD192,Social Care Practice,279,,323,270,,326.0,271,,336.0
WD193,Marketing and Digital Media,290,,358,271,,347.0,279,,358.0
WD194,Culinary Arts,235,,331,217,,321.0,237,,321.0
WD195,Architectural and Building Information Modelling Technology,266,,305,279,,367.0,279,,367.0
WD200,Arts (options),221,,296,,,336.0,201,201.0,376.0
WD210,Software Systems Development,271,,329,279,,337.0,260,,373.0
WD211,Creative Computing,275,,322,271,,318.0,270,,392.0
WD212,Recreation and Sport Management,274,,311,270,,349.0,262,,304.0
WD230,Mechanical and Manufacturing Engineering,273,,348,253,,369.0,230,230.0,361.0
WD231,Early Childhood Care and Education,,,,,,,266,,366.0
WD232,Business Information Systems,,,,,,,261,261.0,329.0
