Code,Title,Points1,Points2,EOS Points,Mid-point,Year
AC120,International Business,,,234,269,2019
AC137,Liberal Arts,271,270,270,334,2021
AD101,First Year Art & Design (Common Entry),,, , 550,2019
AD102,Graphic Design and Moving Image Design,,, , 635,2019
AD103,Textile & Surface Design and Jewellery & Objects,,, , 545,2019
AD202,"Education & Design or Fine Art (Second Level Teaching,portfolio))",,,,,2020
AD204,Fine Art,,, , 600,2019
AD211,Fashion Design (portfolio),760,679,679,679,2021
AD212,Product Design (portfolio),,,,,2020
AD215,Visual Culture,,,300,338,2019
AD217,Illustration,,, , 625,2019
AD222,Interaction Design (portfolio),,,,,2020
AL801,Software Design with Virtual Reality and Gaming,303,,303,367,2020
AL802,Software Design with Artificial Intelligence for Cloud Computing,332,,332,382,2020
AL803,Software Design with Mobile Apps and Connected Devices,,,309,337,2019
AL805,Computer Engineering for Network Infrastructure,321,,321,381,2021
AL810,Quantity Surveying,319,,326,352,2020
AL811,Civil Engineering,,,,0,2021
AL820,Mechanical and Polymer Engineering,327,,327,398,2021
AL830,General Nursing,,,410,429,2019
AL832,Mental Health Nursing,440,431,431,451,2021
AL835,Pharmacology,356,,356,429,2021
AL836,Nutrition and Health Science,,,352,383,2019
AL837,Sports Science with Exercise Physiology,357,,357,409,2021
AL838,Biotechnology,,,302,372,2019
AL839,Microbiology,,,322,371,2019
AL840,Pharmaceutical Sciences,347,,347,403,2020
AL841,Athletic and Rehabilitation Therapy,477,476,462,489,2021
AL842,Bioveterinary Science,313,,313,383,2020
AL843,Physical Activity and Health Science,,,310,330,2019
AL849,Culinary Entrepreneurship,297,,297,327,2021
AL850,Business,309,,309,369,2021
AL851,Business and Law,295,,295,351,2020
AL852,Accounting,309,,309,422,2020
AL853,Accounting and Law,,,305,320,2019
AL854,Sport Management (with international placement),300,299,299,349,2021
AL855,Hospitality Management (with international placement),308,,308,347,2020
AL857,Digital Marketing,304,,304,332,2020
AL859,International Business,308,,308,371,2021
AL860,Social Care Practice,301,,301,359,2021
AL861,Animation and Illustration (portfolio),578,,578,878,2020
AL863,Graphic and Digital Design (portfolio),747,,747,808,2021
AL864,Early Years Care and Education,306,,306,366,2021
AL870,Applied Psychology,484,467,452,480,2021
AS001,"Education, Home Economics and Biology - with concurrent Teacher Ed",,,456,497,2019
AS002,"Education, Home Economics and Religious Ed - with concurrent Teacher Ed",441,434,434,466,2020
AS003,"Education, Home Economics and Irish - with concurrent Teacher Ed",,,421,457,2019
AS051,"Nutrition, Food and Business Management",328,317,317,398,2020
AS054,Home Economics,,,387,401,2019
AS110,General Nursing,440,432,422,445,2021
AS130,Intellectual Disability Nursing,387,358,348,387,2021
BN101,Business,,,252,289,2019
BN103,Business and Information Technology,,,254,290,2019
BN104,Computing (Information Technology),,,260,293,2019
BN107,Applied Social Studies in Social Care,,,300,328,2019
BN108,Engineering (Common Entry with Award options),,,271,318,2019
BN109,Business (Common Entry with Award options),,,260,279,2019
BN110,International Business,,,253,308,2019
BN111,Sports Management and Coaching,,,270,298,2019
BN112,Creative Digital Media,,,280,329,2019
BN113,Horticulture,,,289,321,2019
BN114,Accounting and Finance,,,280,332,2019
BN115,Community and Youth Development,,,250,298,2019
BN117,Computer Engineering in Mobile Systems,,,273,311,2019
BN118,Early Childhood Care and Education,,,290,320,2019
BN119,Digital Marketing,,,270,308,2019
BN120,Digital Forensics and Cyber Security,,,281,326,2019
BN121,Mechatronic Engineering,,,276,340,2019
BN123,"Design,Technology and Innovation",,,297,318,2019
BY001,Business,210,210,210,323,2021
CI101,Counselling and Psychotherapy (Limerick),,,276,328,2019
CI110,Counselling and Psychotherapy,310,,310,392,2020
CI111,Counselling and Addiction Studies,301,,301,319,2020
CI112,Counselling and Youth Studies,311,,311,311,2020
CK101,Arts - 3 years,,,300,368,2019
CK102,Social Science,434,431,420,462,2021
CK104,Arts with Music - 3 or 4 years (BMus or Chinese/European/Int`l Pathway),,,340,409,2019
CK105,Film and Screen Media - 3 years or 4 years (International Pathway),368,337,319,418,2020
CK107,Geographical and Archaeological Sciences - 3 or 4 years (Int`l Pathway),312,,312,425,2021
CK108,Arts International - 4 years,440,440,440,487,2021
CK109,English - 3 years or 4 years (International Pathway),367,357,352,462,2021
CK110,World Languages,488,,488,522,2021
CK111,Early Years and Childhood Studies,419,,419,451,2020
CK112,Theatre and Performative Practices - 3 or 4 years (Int`l Pathway),330,,330,434,2020
CK113,Criminology - 3 years or 4 years (International Pathway),,,408,430,2019
CK114,Social Science (Youth and Community Work) - 3 years,,,777,,2020
CK115,Social Work - Mature Applicants only,,,999,,2020
CK116,Sports Studies and Physical Education,,,499,520,2019
CK118,Digital Humanities and IT - 3 or 4 years (Work Exper. or Int`l Pathway),,,307,361,2019
CK120,Applied Psychology,533,532,531,555,2020
CK121,Psychology and Computing - 3 or 4 years (Work Experience Pathway),466,,466,496,2020
CK122,Government and Political Science,399,,397,465,2021
CK123,Anthropology,308,,308,410,2020
CK124,Education - Gaeilge,473,,473,522,2021
CK125,Sports Studies and Physical Education,564,555,555,589,2021
CK201,Commerce,,,465,489,2019
CK202,Accounting,,,467,506,2019
CK203,Business Information Systems,455,452,445,490,2021
CK204,Finance,,,531,555,2019
CK205,Commerce (International) with French,465,,462,522,2021
CK206,Commerce (International) with German,,,408,446,2019
CK207,Commerce (International) with Italian,,,408,425,2019
CK208,Commerce (International) with Hispanic Studies,,,431,455,2019
CK209,Commerce (International) with Irish,507,,507,534,2021
CK211,Commerce (International) with Chinese Studies,,,398,420,2019
CK212,Economics (through Transformational Learning) 3 or 4 years Int`l Pathway,445,444,431,474,2021
CK213,Food Marketing and Entrepreneurship,462,,462,476,2020
CK214,International Development,332,,332,451,2021
CK301,Law (Pathways) -  3 or 4 years,507,499,498,531,2020
CK302,Law and French,,,453,531,2019
CK304,Law and Irish,588,,588,601,2021
CK307,Law and Business,,,522,554,2019
CK401,Computer Science,503,495,488,531,2021
CK402,Biological and Chemical Sciences,,,498,520,2019
CK404,"Biological, Earth and Environmental Sciences",,,412,451,2019
CK405,Genetics,487,,487,498,2020
CK406,Chemical Sciences,485,472,462,494,2020
CK407,Mathematical Sciences,,,531,578,2019
CK408,Physics and Astrophysics,,,511,566,2019
CK409,Industrial Physics (offered jointly by UCC and CIT),,,413,532,2019
CK411,Data Science and Analytics,510,,509,554,2020
CK412,Agricultural Science,496,496,489,510,2020
CK502,Food Marketing and Entrepreneurship,,,433,456,2019
CK504,Nutritional Sciences,518,,517,554,2020
CK505,Food Science,463,,463,489,2021
CK506,International Development and Food Policy,,,367,410,2019
CK600,Engineering,487,,487,532,2020
CK606,Architecture - Offered jointly by UCC and CIT,484,476,469,510,2020
CK701,Medicine (Undergraduate Entry - HPAT required),,,729,740,2019
CK702,Dentistry,625,625,625,625,2021
CK703,Pharmacy,,,577,589,2019
CK704,Occupational Therapy,566,555,555,577,2020
CK705,Speech and Language Therapy,568,566,566,589,2021
CK706,Public Health Sciences,,,419,451,2019
CK707,Medical and Health Sciences,,,510,543,2019
CK710,General Nursing,454,,454,477,2020
CK712,Children`s and General Nursing (Integrated),533,,533,553,2020
CK720,Mental Health Nursing,,,398,429,2019
CK730,Intellectual Disability Nursing,,,359,388,2019
CK740,Midwifery,509,,509,543,2021
CK791,Medicine  - Graduate Entry (GAMSAT required),57,,57,58,2020
CM001,Education - Primary Teaching,484,,484,487,2020
CM002,Education - Primary Teaching - Gaeltacht Applicants,,,421,440,2019
CM003,Oideachas - Bunmhúinteoireacht Trí Mheán na Gaeilge – Gaeltacht,528,,528,570,2020
CM004,Oideachas - Bunmhúinteoireacht Trí Mheán na Gaeilge – Gaeltacht,494,,494,513,2020
CM010,Education Studies,,,317,373,2019
CM020,Early Childhood Education,327,,327,390,2020
CR105,Chemical and Biopharmaceutical Engineering,443,,443,532,2021
CR106,Software Development,411,,411,463,2020
CR108,Mechanical Engineering,434,,434,509,2020
CR109,Structural Engineering,394,,394,423,2020
CR110,Automotive Business Management and Technology,311,,311,362,2020
CR112,Creative Digital Media at CIT Crawford College of Art and Design,390,,390,455,2021
CR116,Computer Systems,,,318,381,2019
CR121,Music at CIT Cork School of Music,,,633,1052,2019
CR125,Popular Music at CIT Cork School of Music,1028,,1028,1029,2021
CR126,Popular Music: Drums at CIT Cork School of Music,801,,801,940,2020
CR127,Popular Music: Electric Guitar at CIT Cork School of Music,838,768,768,978,2020
CR128,Popular Music: Keyboards at CIT Cork School of Music,,,839,1009,2019
CR129,Popular Music: Voice at CIT Cork School of Music,841,,841,966,2020
CR130,Musical Theatre at CIT Cork School of Music,548,518,505,600,2020
CR150,Business Information Systems,335,,335,391,2020
CR210,"Contemporary Applied Art (Ceramics, Glass, Textiles) at CIT Crawford",,,979,979,2019
CR220,Fine Art at CIT Crawford College of Art and Design,,,,,2020
CR225,Photography with New Media at CIT Crawford College of Art and Design,435,,435,560,2021
CR305,Physical Sciences (Common Entry),260,,260,357,2021
CR310,IT Management,347,,347,372,2021
CR320,Biomedical Science - Offered jointly by CIT and UCC,590,,590,601,2021
CR325,Pharmaceutical Biotechnology,466,,466,488,2021
CR333,Nutrition and Health Science,402,,402,433,2020
CR335,Biological Sciences (Common Entry),420,,420,451,2020
CR340,Analytical Chemistry with Quality Assurance,327,,327,400,2021
CR360,Instrument Engineering,261,,261,388,2020
CR365,Environmental Science and Sustainable Technology,253,,253,341,2020
CR370,Agri-Biosciences,397,,397,453,2020
CR400,Accounting,,,316,389,2019
CR420,Marketing,290,,290,357,2021
CR425,International Business with Language,279,,279,419,2021
CR430,Sport and Exercise Management,402,,402,434,2021
CR440,Montessori Education,409,408,408,431,2021
CR500,Engineering (Common Entry),411,,411,465,2020
CR510,Sustainable Energy Engineering,320,,320,393,2021
CR520,Biomedical Engineering,444,,444,498,2021
CR560,Architectural Technology,375,,375,436,2021
CR565,Interior Architecture,,,336,390,2019
CR570,Quantity Surveying,375,,375,429,2021
CR572,Construction Management,,,253,300,2019
CR580,Electrical Engineering,342,,342,401,2021
CR590,Electronic Engineering,,,342,411,2019
CR600,Visual Communications,,,,,2020
CR660,Tourism Management,,,249,290,2019
CR700,Theatre and Drama Studies at CIT Cork School of Music,,,768,906,2019
CR930,Home Economics and Business,518,,510,542,2021
CT125,Computing and IT,242,242,242,334,2021
CT325,Business,338,,281,338,2020
CW018,Business (options),298,248,248,312,2020
CW028,Early Childhood Education and Care,260,,260,378,2021
CW038,Art (portfolio),700,,700,700,2021
CW048,Creative Computing and Digital Innovation,,,,0,2021
CW058,Tourism and Event Management,292,,292,356,2021
CW068,Applied Social Studies in Professional Social Care,250,,250,306,2021
CW078,Sustainable Farm Management and Agribusiness (Wexford),,,266,320,2019
CW088,Visual Communications and Design (Wexford),,,309,345,2019
CW108,Science (options),261,,261,346,2020
CW128,Brewing and Distilling,307,,307,349,2021
CW138,Sport and Exercise Science,423,,423,444,2020
CW148,Strength and Conditioning,379,,379,400,2020
CW178,Sport Science (options),,,399,424,2019
CW188,Sport Rehabilitation and Athletic Therapy,451,,451,488,2021
CW208,Computer Games Development,272,,272,333,2021
CW238,Software Development,297,,297,341,2020
CW248,Information Technology Management,,,307,357,2019
CW258,Cybercrime and IT Security,,,300,328,2019
CW268,Computing in Interactive Digital Art and Design,,,274,321,2019
CW438,Construction (options),,,271,308,2019
CW468,Architectural Technology,262,,262,358,2020
CW478,Civil Engineering,433,,433,492,2020
CW548,Mechanical Engineering,321,,321,371,2020
CW558,Electronic Systems,280,,280,361,2020
CW568,Aerospace Engineering,,,366,422,2019
CW578,TV and Media Production,318,,318,358,2021
CW708,Law - LLB,,,298,328,2019
CW728,Product Design Innovation,,,286,355,2019
CW748,Early Childhood Education and Care,290,,290,377,2021
CW758,Professional Social Care Practice,360,358,358,397,2021
CW808,Media and Public Relations,251,,251,298,2020
CW848,Digital Marketing with Analytics,254,,269,326,2020
CW858,"Sports Management and Coaching (options, portfolio)",700,,700,700,2021
CW908,Business (options),280,,280,357,2020
CW938,Business with Law,,,270,288,2019
CW948,Accounting,,,301,408,2019
DB500,Computing,,,242,320,2019
DB501,Computing (Cloud Computing),227,227,227,280,2020
DB502,Computing (Data Analytics and Big Data),267,233,233,351,2021
DB503,Computing (Software Development),,,,0,2021
DB504,Computing (Web and Mobile Technology),,,,0,2021
DB510,Audio Production and Music Project Management,234,223,223,290,2020
DB512,Business Studies,243,210,210,347,2021
DB514,Business Studies (Law),252,,251,270,2020
DB515,Business Studies (Human Resource Management),,,225,288,2019
DB516,Financial Services,,,328,336,2019
DB517,Event Management,,,226,327,2019
DB518,Marketing (Digital Media),307,209,209,354,2021
DB521,Accounting and Finance,225,195,195,318,2020
DB524,Business (Information Systems),342,309,309,409,2020
DB525,Marketing (Digital Media and Cloud Computing),288,288,288,337,2021
DB526,Business (Cloud Computing),347,,347,423,2020
DB527,Applied Social Care,254,219,219,308,2021
DB531,Marketing,288,176,176,368,2021
DB562,Psychology,,,208,310,2019
DB566,Social Science,,,216,308,2019
DB567,Film,,,192,295,2019
DB568,Law,,,245,308,2019
DB569,Business (Psychology),240,240,240,338,2021
DC001,Education - Early Childhood Education,445,,445,474,2021
DC002,Education - Primary Teaching,518,,518,543,2021
DC003,Education - Primary Teaching - Gaeltacht Applicants,489,,496,509,2021
DC004,Education - Primary Teaching (Church of Ireland Centre formerly CICE),,,357,,2019
DC005,Education - Primary Teaching - Irish Sign Language,,,316,316,2019
DC009,Arts (Joint Honours) - Humanities,,,347,408,2019
DC010,Post Primary Teacher Education - Religious Education and English,441,429,429,465,2020
DC011,Post Primary Teacher Education - Religious Education and History,,,352,389,2019
DC012,Post Primary Teacher Education - Religious Education and Music,409,,409,451,2021
DC013,Post Primary Teacher Ed - Gaeilge with French/German/Spanish,,,410,509,2019
DC014,BA in Jazz and Contemporary Music Performance (audition),419,,419,605,2020
DC110,Business Studies International,465,,465,488,2020
DC111,Business Studies,511,,511,532,2021
DC112,Global Business (France),,,495,510,2019
DC113,Global Business (Germany),484,,484,529,2021
DC114,Global Business (Spain),544,,544,562,2021
DC115,Accounting and Finance,,,487,500,2019
DC116,Global Business (USA),579,,579,601,2020
DC117,Aviation Management / Aviation Management with Pilot Studies,484,,484,520,2021
DC118,Gnó agus Gaeilge / Business and Irish,359,,359,429,2020
DC119,Global Business (Canada),601,,601,601,2021
DC120,Enterprise Computing,,,350,389,2019
DC121,Computer Applications,,,370,418,2019
DC123,Data Science,465,,465,531,2020
DC126,Actuarial Mathematics,560,,560,578,2020
DC127,Common Entry into Actuarial and Financial Mathematics,532,520,520,543,2020
DC131,Communication Studies,407,402,402,451,2020
DC132,Journalism,429,422,422,466,2020
DC133,Multimedia,411,410,410,451,2020
DC155,Applied Language and Translation Studies,387,,387,444,2020
DC161,Analytical Science,498,489,489,510,2020
DC162,Chemical and Pharmaceutical Sciences,521,,521,544,2020
DC163,Chemical Sciences General Entry (Undenominated Entry),466,,466,510,2021
DC166,Environmental Science and Technology,423,,423,466,2021
DC167,Physics with Astronomy,,,434,477,2019
DC168,Genetics and Cell Biology,,,489,500,2019
DC171,Applied Physics,,,402,433,2019
DC173,Physics with Biomedical Sciences,,,402,458,2019
DC175,Physics General Entry (options),400,,400,479,2021
DC180,Biological Sciences General Entry (Undenominated Entry),530,,530,543,2021
DC181,Biotechnology,530,,530,544,2021
DC190,Electronic and Computer Engineering (with choice of four majors),413,,413,465,2020
DC193,Mechatronic Engineering,411,,411,487,2020
DC194,Sustainable Systems and Energy,476,,488,509,2021
DC195,Mechanical and Manufacturing Engineering,425,,425,487,2020
DC197,Biomedical Engineering,423,,423,477,2020
DC200,Common Entry into Engineering (Undenominated Entry),511,510,510,543,2021
DC201,Common Entry into Science (Undenominated Entry),498,488,488,499,2020
DC202,Sport Science and Health,500,498,498,521,2020
DC203,Science Education,,,424,476,2019
DC204,Athletic Therapy and Training,,,484,500,2019
DC205,Physical Education with Biology,,,490,521,2019
DC206,Physical Education with Mathematics,499,,499,520,2020
DC207,Psychology and Mathematics,521,,521,543,2021
DC208,Psychology,565,,565,577,2021
DC209,Health and Society,465,440,440,466,2020
DC210,Psychology and Disruptive Technologies,506,,506,532,2021
DC215,General Nursing,,,414,443,2019
DC216,Mental Health Nursing,420,,420,440,2021
DC217,Intellectual Disability Nursing,,,347,362,2019
DC218,Children`s and General Nursing (Integrated),,,467,480,2019
DC230,"Economics, Politics and Law",435,,435,462,2020
DC231,International Relations,398,,399,458,2021
DC232,Law and Society (BCL),466,,466,496,2020
DC235,Education and Training - Daytime and Flexible Delivery Mode (full-time),309,,309,357,2020
DC238,Social Sciences and Cultural Innovation,377,,377,411,2020
DC239,"Gaeilge, Iriseoireacht agus na Meáin Dhigiteacha",430,,430,473,2020
DC240,"Marketing, Innovation and Technology",499,,499,532,2021
DC241,Digital Business and Innovation,509,,509,533,2021
DC291,Arts (Joint Honours) - Media Studies,376,,376,409,2020
DC292,Arts (Joint Honours) - Law,400,,400,440,2021
DC293,Arts (Joint Honours) - International Languages,379,,379,467,2021
DC294,Climate and Environmental Sustainability,475,,475,489,2021
DC295,Arts (Joint Honours) - Politics,,,348,387,2019
DK810,Accounting and Finance,305,305,305,401,2020
DK816,Business Studies,300,300,300,367,2020
DK820,Computing in Games Development,311,311,311,348,2020
DK821,Computing in Software Development,320,316,307,379,2021
DK822,Augmented and Virtual Reality,320,320,307,340,2021
DK830,Building Surveying,305,,305,378,2021
DK831,Architectural Technology,,,301,366,2019
DK832,Construction Management,387,,387,419,2020
DK843,Engineering (Common Entry),,,303,402,2019
DK844,Mechanical Engineering,305,305,305,448,2020
DK845,Electrical & Electronic Engineering,304,304,304,392,2020
DK846,Civil Engineering,391,361,361,392,2020
DK850,International Tourism Management,303,303,303,417,2021
DK860,Music (audition),532,532,503,634,2020
DK861,Arts,302,302,302,363,2020
DK862,Social Care,,,300,338,2019
DK863,Creative Media,336,320,309,432,2021
DK864,Film and Television Production,308,,308,399,2021
DK865,Audio and Music Production,301,,301,367,2020
DK870,General Nursing,,,392,401,2019
DK872,Intellectual Disability Nursing,336,,336,358,2020
DK874,Mental Health Nursing,,,356,378,2019
DK876,Early Childhood Studies,321,,321,388,2020
DK877,Midwifery,440,,440,470,2020
DK880,Health and Physical Activity,328,,328,389,2020
DK882,Agriculture (Award options),,,303,358,2019
DK883,Science (Award options),358,321,300,370,2020
DK884,Sustainable Agriculture,348,,348,397,2021
DK885,Agri-Food Production,,,,0,2021
DK886,Biopharmaceutical Science,379,,347,388,2021
DK887,Environmental Science,377,,377,440,2021
DL821,"English, Media and Cultural Studies",,,211,317,2019
DL822,Arts Management,229,229,235,337,2020
DL823,Business Management,235,,237,325,2020
DL825,Applied Psychology,418,413,413,462,2021
DL826,Graphic Design,591,,591,824,2021
DL827,Art,572,,572,941,2020
DL828,"3D Design, Modelmaking and Digital Art",,,691,866,2019
DL829,Design for Stage and Screen (Costume Design),,,817,1021,2019
DL830,Design for Stage and Screen (Makeup Design),,,879,953,2019
DL831,Design for Stage and Screen (Production Design),,,893,1073,2019
DL832,Animation,920,,920,1022,2020
DL833,Photography and Visual Media,671,671,665,877,2021
DL834,Film and Television Production,,,933,1011,2019
DL835,Creative Media Technologies,,,237,289,2019
DL836,Creative Computing,235,,235,339,2021
DL837,New Media Studies,298,293,293,359,2021
DL838,Creative Music Production,754,,754,972,2020
DL839,Interaction and User Experience Design,757,,757,1087,2021
DL840,Digital Marketing,210,,210,347,2021
DL841,English and Equality Studies,276,,276,341,2020
DL843,Film,987,874,874,1000,2021
DL844,Television,566,,566,947,2021
DL845,Design for Film (degree options),628,,630,900,2021
DN100,Architecture,510,,510,541,2020
DN120,Landscape Architecture,463,435,430,484,2021
DN130,City Planning and Environmental Policy,,,367,421,2019
DN150,Engineering (Common Entry),531,521,520,565,2020
DN200,Science (options),,,521,554,2019
DN201,Computer Science (Common Entry),510,,510,542,2020
DN230,Actuarial and Financial Studies,,,577,589,2019
DN240,Sustainability,440,,440,498,2020
DN250,Agricultural Science (options),454,444,440,489,2021
DN252,Dairy Business,,,398,428,2019
DN253,Agri - Environmental Sciences,418,,413,443,2020
DN261,Food Science,477,,476,495,2020
DN262,Human Nutrition,566,,566,577,2021
DN271,Forestry,,,303,361,2019
DN272,"Horticulture, Landscape and Sportsturf Management",297,282,282,378,2020
DN300,Veterinary Medicine - Undergraduate Entry,601,,601,613,2021
DN301,Veterinary Medicine - Graduate Entry (GAMSAT required),,,,,2021
DN310,Veterinary Nursing,521,509,486,522,2021
DN400,Medicine - Undergraduate Entry (HPAT required),,,735,745,2019
DN401,Medicine - Graduate Entry (GAMSAT required),,,58,61,2020
DN410,Radiography,566,566,565,578,2021
DN411,Radiography - Graduate Entry,,,,,2020
DN420,Physiotherapy,578,577,568,589,2020
DN425,Health and Performance Science,544,543,541,555,2021
DN430,Sport and Exercise Management,,,436,455,2019
DN440,"Biomedical, Health and Life Sciences",590,589,589,601,2020
DN450,General Nursing,462,,462,490,2021
DN451,Children`s and General Nursing (Integrated),533,,532,554,2021
DN452,Midwifery,510,509,507,511,2021
DN453,Mental Health Nursing,397,393,393,412,2020
DN520,Arts (Two Subjects),,,336,408,2019
DN530,Humanities (options),397,388,359,465,2021
DN541,Modern Languages (options),303,,300,443,2020
DN600,Law (options),546,544,543,566,2020
DN610,Business and Law,573,567,566,589,2021
DN650,Commerce,521,521,521,543,2020
DN660,Commerce International (options),517,511,510,531,2020
DN670,Economics and Finance,613,,613,625,2020
DN700,Social Sciences (options),,,388,441,2019
DN710,Economics,498,498,498,510,2020
DN720,Psychology,,,517,531,2019
DN750,Social Policy and Sociology,421,,408,441,2021
DT001,Product Design,,,433,464,2019
DT028,Transport Operations and Technology,,,279,348,2019
DT035,Electrical Services and Energy Management,,,293,340,2019
DT066,Engineering (General Entry),,,400,457,2019
DT101,Architecture (test and interview),,,618,647,2019
DT106,Planning and Environmental Management,,,312,337,2019
DT110,Property Economics (Valuation Surveying),,,367,424,2019
DT111,Quantity Surveying and Construction Economics,,,391,421,2019
DT112,Geographic Science,,,287,335,2019
DT117,Construction Management,,,356,373,2019
DT175,Architectural Technology,,,388,425,2019
DT201,Science (General Entry),,,464,477,2019
DT203,Analytical Chemistry (Environmental Forensic and Pharmaceutical),,,341,403,2019
DT204,Biomedical Science,,,501,512,2019
DT205,Mathematical Sciences,,,315,363,2019
DT206,Biomedical and Molecular Diagnostics,,,473,487,2019
DT211,Computer Science (Infrastructure),,,381,414,2019
DT220,Industrial Mathematics,,,300,317,2019
DT221,Physics with Energy and Environment,,,348,436,2019
DT222,Physics Technology,,,321,371,2019
DT223,Human Nutrition and Dietetics,,,553,566,2019
DT224,Optometry,,,487,529,2019
DT225,Public Health Nutrition,,,440,476,2019
DT227,Science with Nanotechnology,,,312,361,2019
DT228,Computer Science,,,451,466,2019
DT229,Clinical Measurement Science,,,491,509,2019
DT235,Physics with Medical Physics and Bioengineering,,,357,403,2019
DT282,Computer Science (International),,,377,402,2019
DT299,Chemical Sciences with Medicinal Chemistry,,,420,445,2019
DT302,Business Analytics,,,325,403,2019
DT304,E-Commerce in Retailing,,,341,388,2019
DT321,Business and Law,,,462,478,2019
DT341,Marketing,,,400,419,2019
DT343,Retail and Services Management,,,301,332,2019
DT354,Business Computing,,,322,341,2019
DT358,Logistics and Supply Chain Management,,,300,359,2019
DT365,Business and Management,,,440,456,2019
DT366,Accounting and Finance,,,432,454,2019
DT398,Human Resource Management,,,375,388,2019
DT399,Economics and Finance,,,437,465,2019
DT401,International Hospitality Management,,,300,337,2019
DT405,Culinary Science,,,308,377,2019
DT407,Culinary Arts,,,271,342,2019
DT412,Tourism Marketing,,,284,322,2019
DT413,Event Management,,,356,389,2019
DT416,Culinary Entrepreneurship,,,275,339,2019
DT420,Nutraceuticals in Health and Nutrition,,,392,432,2019
DT421,Food Innovation,,,321,366,2019
DT422,Pharmaceutical Healthcare,,,397,423,2019
DT491,Environmental Health,,,343,380,2019
DT501,Music,,,383,520,2019
DT504,Film and Broadcasting,,,443,467,2019
DT506,Commercial Modern Music,,,468,835,2019
DT508,Game Design,,,403,454,2019
DT517,Languages and English Studies,,,326,419,2019
DT518,Languages and International Tourism,,,307,357,2019
DT529,Drama (Performance),,,371,519,2019
DT532,Law (LL.B.),,,422,441,2019
DT533,Contemporary Visual Culture,,,,,2019
DT544,Interior Design,,,552,866,2019
DT545,Design - Visual Communication,,,667,897,2019
DT546,Fine Art,,,668,813,2019
DT555,International Business and Languages,,,353,399,2019
DT559,Photography,,,700,926,2019
DT571,Social Care,,,394,424,2019
DT572,Early Childhood Education,,,385,403,2019
DT582,Journalism,,,347,373,2019
DT596,Print Media Technology and Management,,,252,311,2019
DT597,Creative and Cultural Industries,,,280,369,2019
GA181,Accounting,309,,309,403,2020
GA182,Business,287,,287,347,2020
GA183,Business Information Systems,298,,298,358,2021
GA184,Marketing and Sales,307,,307,357,2020
GA185,Finance and Economics,,,307,398,2019
GA186,Business with Entrepreneurship,,,297,328,2019
GA187,Rural Enterprise and Agri-Business,281,,281,352,2020
GA281,Film and Documentary,304,,304,379,2020
GA282,Heritage Studies,,,238,308,2019
GA283,Contemporary Art (portfolio),790,,790,876,2021
GA284,Design,331,,331,398,2021
GA285,"Education (Art, Design and Graphics)",406,,406,442,2021
GA380,International Hotel Management,218,,218,320,2021
GA381,International Tourism Management,278,,278,350,2020
GA382,Culinary and Gastronomic Science,206,,206,337,2020
GA384,Event Management with Public Relations,,,209,289,2019
GA385,Retail Management,,,219,319,2019
GA480,Construction Management,,,260,312,2019
GA482,Quantity Surveying and Construction Economics,288,,288,350,2020
GA483,Architectural Technology,265,,265,337,2020
GA484,Civil Engineering,290,,290,383,2020
GA580,Software and Electronic Engineering,,,301,351,2019
GA680,Mechanical Engineering,,,336,389,2019
GA681,Energy Engineering,293,,293,366,2020
GA682,Biomedical Engineering,313,,313,393,2020
GA683,Agricultural Engineering,309,,309,385,2020
GA684,Engineering (Common entry to Agri/Biomed/Energy/Mech Eng),,,346,406,2019
GA685,Manufacturing Engineering Design,309,,309,379,2020
GA780,Applied Freshwater and Marine Biology,327,,327,377,2020
GA781,Applied Biology and Biopharmaceutical Science,381,,381,442,2021
GA782,Chemical and Pharmaceutical Science,356,,356,398,2021
GA783,Physics and Instrumentation,301,,301,387,2021
GA784,Science (Undenominated),372,,372,403,2020
GA785,Medical Science,,,451,486,2019
GA786,Forensic Science and Analysis,408,408,408,462,2021
GA787,Computing in Software Development,310,,310,381,2021
GA788,Computing and Digital Media,,,270,327,2019
GA789,Agriculture and Environmental Management,287,,289,371,2020
GA790,Sport and Exercise Science,356,,356,409,2020
GA791,Public Health Nutrition,368,,368,409,2020
GA880,General Nursing,440,,440,455,2021
GA882,Psychiatric Nursing,369,,369,398,2021
GA885,Outdoor Education - Mayo Campus,,,210,298,2019
GA887,History and Geography,244,,244,380,2020
GA889,Applied Social Care,265,,265,339,2021
GA890,Early Childhood Education and Care,281,227,227,336,2021
GA891,Geography and Outdoor Education,261,,261,366,2021
GA892,Community Development and Youth Work (Level 8),,,,0,2021
GA980,Education (Design Graphics and Construction),410,,410,435,2021
GA981,Furniture Design and Manufacture,346,,346,385,2021
GA982,Furniture Making and Architectural Woodworking,360,,360,402,2021
GA983,Furniture and Digital Manufacturing,,,,0,2021
GA984,"Furniture Design, Making and Technology - Common Entry",486,467,467,498,2021
GC200,Business Studies (Cork),,,269,359,2019
GC201,Accounting and Finance,260,226,226,270,2021
GC230,Computing Science,335,325,325,393,2020
GC250,Communications and Media Production,,,,,2021
GC300,Business Studies,429,,390,432,2020
GC301,Accounting & Finance,253,253,253,346,2020
GC302,Business - HRM,377,377,329,377,2021
GC305,International Hospitality Management,253,253,253,253,2020
GC307,Business (Marketing),289,270,270,289,2021
GC400,Business Studies,248,248,248,281,2020
GC401,Accounting and Finance,240,227,202,343,2020
GC402,Business Studies (HRM),264,236,218,236,2020
GC403,Law,245,242,242,319,2021
GC405,International Hospitality Management (Dublin),,,254,272,2019
GC407,Business Studies (Marketing),280,280,218,321,2020
GC430,Computing Science,251,251,251,325,2021
GC450,Communications and Media Production,225,225,225,321,2021
GC462,Design Communication (portfolio),300,,300,300,2021
GC489,Interior Architecture (portfolio),288,274,274,429,2021
GC494,Fashion Design (Dublin),,,,,2019
GY101,Arts (Joint-Honours),300,,300,391,2020
GY104,Arts (Psychology),,,507,529,2019
GY105,Arts (History),301,,301,377,2020
GY107,Na Dána (Gaeilge agus Léann an Aistriúcháin),409,,409,456,2020
GY109,Arts (Mathematics and Education),,,411,487,2019
GY110,Arts (Children and Youth Studies - options),387,,387,440,2021
GY111,Arts with Creative Writing,,,402,472,2019
GY112,Arts with Film Studies,321,,321,399,2020
GY113,Arts with Human Rights,368,,368,422,2020
GY115,Arts with Performing Arts Studies,,,328,367,2019
GY118,"Arts (Drama, Theatre and Performance Studies)",453,430,430,476,2021
GY119,Arts (Journalism),484,473,473,521,2021
GY120,"Arts (Child, Youth and Family: Policy and Practice)",350,,350,397,2020
GY121,Arts (Children`s Studies),356,,356,419,2020
GY122,Na Dána (Cumarsáid agus Gaeilge),410,,410,496,2021
GY123,Applied Social Sciences,419,,419,451,2021
GY124,Arts (Arts with Data Science),454,,454,490,2020
GY125,Arts (Digital Arts and Technology),328,,328,347,2020
GY126,Arts (English and Media Studies),391,,391,462,2020
GY127,Arts (Film and Digital Media),430,421,421,488,2021
GY128,Arts (Global Languages),352,,352,476,2020
GY129,Arts (International),,,408,477,2019
GY130,Arts (Music),462,,462,498,2021
GY131,Arts (History and Globalisation Studies),,,340,431,2019
GY132,"Government (Politics, Economics and Law)",465,451,451,495,2021
GY133,Education (Computer Science and Mathematical Studies),454,,454,476,2021
GY134,Geography and Geosystems,410,,410,445,2020
GY135,Arts (Global Media),442,,442,484,2021
GY136,Na Dána (Léann Teanga - options),526,,526,526,2021
GY201,Commerce,476,,476,499,2021
GY202,Commerce (International) with French,,,484,513,2019
GY203,Commerce (International) with German,518,,518,532,2021
GY204,Commerce (International) with Spanish,495,,495,511,2020
GY206,Business Information Systems (Work Placement & Optional Int`l Study),465,,465,488,2020
GY207,Commerce (Accounting) including optional Global Experience year,543,,543,578,2021
GY208,Commerce (Gaeilge),508,,508,547,2021
GY209,Commerce (Global Experience),,,509,531,2019
GY250,Law and Business,510,,510,541,2021
GY251,Law (BCL),542,,542,554,2021
GY252,Law (BCL) and Human Rights,565,,565,567,2021
GY253,Law and Taxation,509,,509,543,2020
GY254,"Law (BCL), Criminology and Criminal Justice",530,,530,554,2020
GY261,Business Studies in International Hotel Management (interview),503,,503,647,2021
GY262,Commerce in International Hotel Management (interview),709,,709,743,2021
GY301,Science,,,400,456,2019
GY303,Biomedical Science,613,,613,613,2021
GY304,Biotechnology,498,495,495,522,2021
GY308,Environmental Science,,,413,440,2019
GY309,Financial Mathematics and Economics,487,,487,532,2020
GY310,Marine Science,,,409,456,2019
GY313,Environmental Health and Safety,412,,412,440,2020
GY314,Earth and Ocean Sciences,422,,422,463,2021
GY318,Biopharmaceutical Chemistry,509,,509,542,2020
GY319,Mathematical Science,,,456,531,2019
GY320,"Physics (Degree options: Applied,Astrophysics,Biomedical,Theoretical)",402,,402,478,2020
GY321,Genetics and Genomics,532,,532,565,2021
GY322,Agricultural Sciences,485,,485,518,2021
GY350,Computer Science and Information Technology,495,,495,521,2021
GY401,Engineering (Undenominated),522,520,520,555,2021
GY402,Civil Engineering,,,509,543,2019
GY405,Mechanical Engineering,,,443,499,2019
GY406,Electronic and Computer Engineering,510,,510,544,2020
GY408,Biomedical Engineering,554,,554,578,2021
GY410,Project and Construction Management,431,,431,455,2021
GY413,Energy Systems Engineering,502,,502,531,2020
GY414,Electrical and Electronic Engineering,405,,405,429,2020
GY501,"Medicine (five year/six year course, HPAT required)",728,,728,731,2020
GY502,Occupational Therapy,601,,601,602,2021
GY503,Speech and Language Therapy,543,,543,554,2020
GY504,Podiatric Medicine,,,434,463,2019
GY515,General Nursing (Galway and Portiuncula),502,496,476,507,2021
GY516,Mental Health Nursing,440,,440,467,2020
GY517,Midwifery,495,,495,518,2020
ID001,Accounting and Finance,,,,0,2021
ID002,Business Studies,,,273,340,2021
ID003,Business Studies with Chinese,,,,,2019
LC110,"Art and Design (Common Entry, portfolio)",794,,794,981,2021
LC114,Fashion and Textiles for Product and Costume (portfolio),914,,914,933,2021
LC115,"Art and Design Teacher Education (LIT and UL, portfolio)",993,,993,1058,2021
LC220,Digital Marketing,,,254,288,2019
LC223,Law and Taxation,307,,307,356,2020
LC224,Accounting and Finance,300,,300,371,2020
LC225,Marketing and Management,298,,298,376,2021
LC226,Enterprise and Innovation,,,216,298,2019
LC233,Software Development,280,,280,348,2021
LC234,Interactive Digital Media,225,,225,307,2020
LC236,Internet Systems Development,262,260,260,272,2020
LC239,Computer Networks and Systems Management,307,,309,371,2020
LC241,Construction Management,,,276,303,2019
LC242,Property Valuation and Management,308,,308,377,2021
LC243,Quantity Surveying,278,,278,359,2021
LC248,Built Environment (Common Entry),288,,288,376,2020
LC252,Civil Engineering Management,270,,270,308,2020
LC263,Clinical Technology,,,282,359,2019
LC265,Forensic and Pharmaceutical Sciences,,,335,368,2019
LC266,Drug and Medicinal Product Analysis,252,,252,368,2021
LC275,Electrical Engineering,,,288,340,2019
LC288,Mechanical Engineering,378,369,369,432,2021
LC289,Precision Engineering,,,280,369,2019
LC292,Social Care Work,,,360,389,2019
LC293,Business Studies with Travel and Tourism Management,,,299,326,2019
LC294,Business Studies with Event Management,279,,279,347,2020
LC295,Business Studies with Sports Management,262,,262,320,2021
LC297,Community and Addiction Studies,272,262,262,316,2021
LC320,Business,346,,346,388,2020
LC330,Business with Computing,,,298,326,2019
LC340,Interior Design,,,298,349,2019
LC362,Biotechnology and Biopharmaceutical Sciences,429,,429,463,2021
LC371,Creative Broadcast and Film Production,309,,309,378,2020
LC372,Music Technology and Production,,,321,369,2019
LC374,Renewable and Electrical Energy Engineering,318,,318,410,2020
LC375,Industrial Automation & Robotic Systems,,,321,368,2019
LC376,Electronic Engineering,318,,318,358,2020
LC380,Automotive Engineering and Transport Management,298,,298,340,2021
LC392,Business Studies in Beauty and Spa Management,328,317,317,358,2021
LC393,Early Childhood Education and Care,309,276,276,339,2021
LC401,Early Childhood Education & Care (Thurles),,,298,387,2019
LC402,Social Care Work (Thurles),,,209,290,2019
LC408,Environmental and Geographical Sciences (Thurles),,,262,346,2019
LC411,Marketing and Management (Thurles),,,226,300,2019
LC414,Data Analytics and Cyber Security,236,,236,336,2020
LC416,Business,260,,260,300,2021
LC418,Computing - Games Design and Development,270,,270,338,2020
LC422,Applied Strength and Conditioning,289,,289,359,2021
LC434,Environmental Management in Agriculture (Thurles),,,278,347,2019
LC502,Game Art and Design (portfolio),852,,852,1024,2020
LC517,Creative Media and Design,279,,279,413,2021
LC518,Digital Animation Production (portfolio),807,,807,977,2021
LC612,Social Care Work,320,,320,343,2020
LC613,Early Childhood Education and Care,242,,242,327,2020
LM002,Arts,348,,348,410,2020
LM019,Social Sciences,451,,451,507,2021
LM020,Law and Accounting,,,436,476,2019
LM026,Performing Arts (audition required),,,307,367,2019
LM028,Criminal Justice,,,387,409,2019
LM029,Law Plus,,,473,499,2019
LM038,Psychology and Sociology,,,478,489,2019
LM039,Journalism and Digital Communication,402,,402,455,2020
LM040,European Studies,369,,369,488,2020
LM044,Applied Languages,,,404,473,2019
LM050,Business Studies (options),431,,431,476,2020
LM056,International Business,555,,555,589,2021
LM058,Financial Mathematics,468,,468,531,2021
LM063,Technology Management,379,,379,419,2020
LM066,Environmental Science,430,,430,478,2021
LM068,Food Science and Health,,,400,430,2019
LM076,Product Design and Technology (portfolio required),,,402,466,2019
LM077,Aeronautical Engineering,,,469,531,2019
LM082,Construction Management and Engineering,446,,446,480,2021
LM089,Sport and Exercise Sciences,,,441,466,2019
LM090,Physical Education with concurrent Teacher Education,552,544,544,577,2021
LM091,Languages with concurrent Teacher Education,506,,506,541,2021
LM092,Science with Teacher Ed (Biology with Physics/Chemistry/Ag Science),521,,521,555,2021
LM093,Equine Science,367,,367,431,2021
LM094,Materials and Architectural Technology with concurrent Teacher Education,,,405,433,2019
LM095,Materials and Engineering Technology with concurrent Teacher Education,367,,367,421,2020
LM096,Science with Teacher Ed (Physical Sciences with Chemistry and Physics),405,,405,454,2020
LM097,Mathematics and Computer Science with concurrent Teacher Education,402,,402,509,2020
LM099,Architecture (portfolio requirement suspended),498,,498,532,2020
LM100,Physiotherapy,589,,589,601,2020
LM101,Medicine  - Graduate Entry (GAMSAT required),57,,57,59,2021
LM102,Psychology,534,,534,565,2021
LM103,Paramedic Studies (B/C1/C1 Provisional Drivers Licence),392,,392,445,2020
LM105,Exercise and Health Fitness Management,441,,441,473,2021
LM115,Chemical and Biochemical Engineering,454,,454,532,2020
LM116,Engineering (Biomedical/Civil/Design and Manufacture/Mechanical),476,,476,521,2020
LM118,Electronic and Computer Engineering,445,,445,487,2021
LM121,Computer Science (Computer Systems/Games Dev/Mobile Comm Security),,,352,420,2019
LM122,Creative Media and Interaction Design (Digital Design/Music Media Tech),382,,382,467,2021
LM123,Biological & Chemical Sciences (Biosci/Envir Sci/Ind Bio/IndPharma Chem),441,,441,478,2020
LM124,Mathematics (Math Science/Maths and Physics/Economics and Math Scien,,,)427,521,2019
LM125,Physics (Applied Physics or Mathematics and Physics),489,,489,577,2021
LM150,General Nursing,,,440,463,2019
LM152,Mental Health Nursing,,,388,418,2019
LM154,Intellectual Disability Nursing,,,381,408,2019
LM156,Midwifery,521,508,498,521,2021
LY108,Business - Accounting,,,318,399,2019
LY118,Business,,,287,352,2019
LY128,Marketing with Online Technologies,261,261,261,369,2021
LY208,Law,300,290,290,388,2021
LY218,Business - with Spanish/Irish options,,,298,367,2019
LY228,Sports and Exercise - Common Entry,290,,290,379,2021
LY408,Design - Common Entry,301,,301,380,2021
LY508,Fire Safety Engineering,276,,276,326,2020
LY518,Quantity Surveying,304,,304,387,2021
LY528,Construction Management,,,267,291,2019
LY538,Architectural Technology,234,234,234,403,2021
LY608,Mechanical Engineering,300,,300,390,2021
LY618,Electronic Engineering,312,,312,402,2020
LY708,Applied Computing,306,,306,372,2020
LY748,Computer Science,317,317,317,420,2020
LY818,Science - Common Entry,303,,303,409,2020
LY828,Agriculture - Common Entry,308,300,300,360,2021
LY908,General Nursing,429,,429,441,2021
LY918,Psychiatric Nursing,367,,361,399,2021
LY928,Intellectual Disability Nursing,326,,328,346,2020
LY968,"Early Childhood Care, Health and Education",303,,303,361,2020
LY978,Health & Social Care (Common Entry),,,260,299,2019
MH001,Education - Primary Teaching (Froebel),564,,556,578,2021
MH002,Education - Primary Teaching - Gaeltacht Applicants (Froebel),,,441,,2019
MH003,Early Childhood - Teaching and Learning (full-time),381,,381,430,2021
MH101,Arts,318,,318,388,2020
MH103,Music,,,,,2020
MH106,Psychology - 3 years,554,,552,555,2021
MH107,Social Science,,,326,349,2019
MH109,Media Studies,324,,324,393,2021
MH116,Community and Youth Work (Full-Time),,,,,2021
MH201,Science,360,,360,418,2020
MH202,Biotechnology,490,489,489,509,2021
MH203,Biological and Geographical Sciences,430,,430,465,2020
MH204,Physics with Astrophysics,,,420,488,2019
MH206,Theoretical Physics and Mathematics,,,498,566,2019
MH207,Data Science,,,434,466,2019
MH208,Biological and Biomedical Sciences,543,,533,554,2021
MH209,Psychology (through Science) - 4 years,,,473,485,2019
MH210,Pharmaceutical and Biomedical Chemistry,510,,510,532,2021
MH212,Science|Maths and Computer Science|Mathematics (with Education),452,443,434,498,2021
MH304,Engineering (Computer/Electronic/Communications),333,333,333,444,2020
MH305,Product Design,,,358,411,2019
MH306,Robotics and Intelligent Devices,361,,361,433,2020
MH401,Finance (options),357,,357,398,2020
MH402,Quantitative Finance,,,476,487,2019
MH403,Accounting and Finance,424,,424,473,2021
MH404,Business (options),430,,430,454,2020
MH405,Equine Business,,,357,398,2019
MH407,Business and Accounting,,,401,420,2019
MH411,Entrepreneurship,,,358,388,2019
MH501,LLB Law - four year Single Major Law programme,,,451,476,2019
MH502,Law (options),,,410,442,2019
MH601,Computer Science through Arts (options),,,342,369,2019
MH602,Computer Science through Science (options),400,,400,444,2021
MH603,Computational Thinking,520,,520,579,2021
MH801,Early Childhood - Teaching and Learning (part-time),327,,327,378,2020
MH802,"Community and Youth Work (part-time, in service)",,,,,2021
MH803,"Local Studies/Community Studies (part-time, evening) - Mature Students",,,,,2021
MI001,Contemporary & Applied Theatre Studies,,,345,381,2019
MI002,Arts,300,281,281,389,2020
MI004,Education - Primary Teaching - International,589,,589,601,2021
MI005,Education - Primary Teaching,522,,522,554,2021
MI006,Education - Primary Teaching - Gaeltacht Applicants,456,,462,519,2020
MI007,Early Childhood Care and Education,409,,409,462,2021
MI008,Education and Psychology - Primary Teaching,,,543,555,2019
MI009,"Education, Business Studies and Accounting (Thurles Campus)",,,392,420,2019
MI010,"Education, Business Studies and Religious Studies",368,,368,389,2020
MI011,"Education, Irish and Religious Studies (Thurles Campus)",,,377,387,2019
MI012,"Education, Irish and Business Studies (Thurles Campus)",,,398,440,2019
MI013,"Education, Mathematics and Gaeilge",444,,444,477,2020
MI014,"Education, Mathematics and Business Studies",476,,476,531,2021
MU001,Theology and Arts,294,294,291,332,2021
MU002,Theology,440,,440,440,2020
NC003,Computing (Degree Award options),271,,271,334,2021
NC005,Human Resource Management,300,,300,331,2020
NC009,Business,300,,300,346,2020
NC010,Psychology,400,,400,440,2020
NC020,Marketing Practice,,,270,307,2019
NC022,Accounting and Finance,330,,330,390,2021
NC023,Technology Management (with specialisations),,,260,303,2019
NC025,Data Science,,,297,371,2019
NC030,Early Childhood Education and Care,251,251,251,308,2021
NM801,Montessori Education,220,,220,290,2020
NM802,Psychology,228,,228,338,2021
PC405,"Social, Political and Community Studies",263,235,235,298,2021
PC410,Arts and Humanities (fulfils Teaching Council requirements),,,203,289,2019
PC411,English and History (fulfils Teaching Council requirements),243,224,224,356,2021
RC001,Medicine - Undergraduate Entry (HPAT required),,,729,733,2019
RC004,Physiotherapy,,,532,542,2019
RC005,Pharmacy,613,613,602,613,2021
RC101,Medicine - Graduate Entry (GAMSAT required),,,60,62,2019
SG141,Business,261,,261,347,2020
SG142,Business in International Marketing and Languages (French),279,,279,386,2020
SG144,Business in International Marketing and Languages (Spanish),270,,270,347,2020
SG145,Business and ICT,279,,279,411,2021
SG146,Accounting,309,,309,411,2020
SG147,Sport with Business,288,,288,340,2021
SG148,Tourism with Event Management,269,,269,340,2020
SG149,Business in Finance and Investment,,,262,357,2019
SG150,Business in Marketing,298,,298,360,2021
SG241,Performing Arts,328,,328,387,2020
SG242,Early Childhood Care and Education,287,,287,368,2021
SG243,Social Care Practice,309,,309,357,2021
SG244,Fine Art,501,,501,643,2021
SG245,Creative Design,332,,332,357,2021
SG246,Computing,316,,316,402,2021
SG247,English and Psychology,309,,309,382,2020
SG248,Sociology and Politics,281,,281,327,2020
SG249,Writing and Literature,297,,297,368,2020
SG250,Application Design and User Experience,412,,412,412,2020
SG251,Computing (Smart Technologies),,,303,391,2019
SG252,Software Development,,,300,354,2019
SG253,Computer Networks and Cloud Infrastructure,,,273,341,2019
SG254,Writing and Literature Online,327,,327,393,2021
SG255,Law and Business,291,,291,398,2021
SG341,General Engineering,373,,373,467,2021
SG342,Civil Engineering,415,,415,480,2020
SG343,Quantity Surveying,,,261,302,2019
SG344,Mechanical Engineering,412,,412,509,2021
SG346,Construction Project Management and Applied Technology,291,,291,337,2020
SG347,Architecture,,,309,357,2019
SG348,Interior Architecture and Design,359,,359,410,2021
SG349,Electronics and Self Driving Technologies,,,,0,2021
SG350,Robotics and Automation,384,,384,478,2021
SG441,Environmental Science,,,297,358,2019
SG442,Occupational Safety and Health,,,289,330,2019
SG443,Human Nutrition,356,,356,397,2020
SG444,Science Undenominated,358,,358,430,2021
SG445,Pharmaceutical Science with Drug Development,311,,311,367,2020
SG446,Applied Archaeology,,,289,290,2019
SG447,Health Science and Physical Activity,328,,328,387,2020
SG448,Forensic Investigation and Analysis,306,,307,368,2020
SG449,Medical Biotechnology,,,329,352,2019
SG450,Environmental Science with Ecology (Level 8),300,,304,368,2020
TA022,Creative Digital Media,,,260,318,2019
TA023,Advertising and Marketing Communications,,,235,299,2019
TA024,Early Childhood Care and Education,,,217,307,2019
TA025,Social Care Practice,,,261,297,2019
TA026,International Hospitality and Tourism Management,,,208,269,2019
TA027,Botanical Cuisine,,,236,273,2019
TA028,Digital Marketing Technologies,,,220,313,2019
TA121,Accounting and Finance,,,202,328,2019
TA122,Management,,,218,297,2019
TA123,Marketing Management,,,207,284,2019
TA125,International Business,,,229,300,2019
TA221,Electronic Engineering,,,251,321,2019
TA222,Mechanical Engineering,,,243,302,2019
TA223,Sustainable Energy Engineering,,,236,305,2019
TA224,Biomedical Design,,,218,324,2019
TA225,Automation Engineering,,,235,288,2019
TA226,Engineering Software,,,243,304,2019
TA321,Pharmaceutical Science,,,261,298,2019
TA322,Computing,,,200,294,2019
TA323,Computing with IT Management,,,243,309,2019
TA326,DNA and Forensic Analysis,,,300,362,2019
TA327,Sports Science and Health,,,341,381,2019
TA328,Computing with Language (French/German/Spanish),,,218,317,2019
TA329,Computing with Data Analytics,,,218,296,2019
TL801,"Animation, Visual Effects and Motion Design (Level 8)",281,,281,349,2020
TL802,"TV, Radio and New Media (Level 8)",322,,322,413,2021
TL803,Music Technology,,,264,288,2019
TL810,Computing with Software Development,308,,308,399,2021
TL811,Computing with Games Development,358,,358,,2020
TL812,Computing with Digital Media,,,369,369,2019
TL815,Computing (Degree Award options),307,,307,453,2021
TL823,Event Management (3 year programme),293,,293,369,2021
TL831,Business Studies (Major Specialism in: Acctng or Mktg or Mgmnt),306,,306,381,2020
TL842,Construction Management,,,,0,2021
TL844,Agricultural Engineering,,,311,368,2019
TL845,Civil Engineering,361,,361,395,2021
TL847,Manufacturing Engineering,305,,305,338,2021
TL848,Agricultural Science,,,331,362,2019
TL851,Wildlife Biology (Degree Award options),,,310,362,2019
TL855,Pharmaceutical Science (Degree Award options),316,,316,419,2021
TL858,Veterinary Bioscience,308,,308,393,2020
TL871,Health and Leisure (Degree Award options),303,,303,389,2021
TL872,Health and Leisure with Massage,314,,314,381,2021
TL873,Coaching and Sports Performance,,,282,336,2019
TL874,Inclusive Sport and Physical Activity,341,,341,476,2021
TL880,Early Childhood Care and Education,307,,307,349,2020
TL881,Social Care,,,308,356,2019
TL889,Counselling with Addiction - Mature applicants only,,,,,2020
TL890,General Nursing and Mature Applicants,463,,463,484,2021
TL891,Mental Health Nursing and Mature Applicants,440,419,412,430,2021
TR002,Music,435,429,382,468,2020
TR003,History,497,493,456,511,2020
TR004,Law,590,589,589,601,2021
TR005,Philosophy,510,497,456,510,2021
TR006,Psychology,567,555,555,578,2020
TR007,Clinical Speech and Language Studies,529,,529,553,2020
TR009,Music Education,420,,420,532,2020
TR012,History and Political Science,555,554,552,578,2020
TR015,"Philosophy, Political Science, Economics and Sociology",613,613,613,625,2021
TR016,Deaf Studies,,,337,372,2019
TR017,Law and Business,,,576,589,2019
TR018,Law and French,602,602,600,613,2021
TR019,Law and German,577,567,567,588,2021
TR020,Law and Political Science,602,,601,613,2020
TR021,"Classics, Ancient History and Archaeology",370,,370,434,2020
TR022,Early and Modern Irish,377,,377,473,2021
TR023,English Studies,546,541,533,555,2021
TR024,European Studies,544,542,530,566,2020
TR025,Drama and Theatre Studies,,,489,531,2019
TR028,Ancient and Medieval History and Culture,342,,342,453,2020
TR029,Political Science and Geography,,,477,500,2019
TR031,Mathematics,579,578,577,613,2021
TR032,Engineering,556,555,554,581,2021
TR033,Computer Science,,,465,488,2019
TR034,Management Science and Information Systems Studies,,,589,602,2019
TR035,Theoretical Physics,590,589,589,613,2021
TR038,Engineering with Management,589,589,589,613,2021
TR039,Computer Science and Language,454,424,424,488,2020
TR040,Middle Eastern and European Languages and Cultures,466,,466,521,2020
TR041,Religion,,,347,393,2019
TR042,Film,489,476,466,498,2020
TR043,History of Art and Architecture,393,354,354,474,2020
TR051,Medicine (HPAT required),,,730,739,2019
TR052,Dental Science,625,625,625,625,2021
TR053,Physiotherapy,,,533,544,2019
TR054,Occupational Therapy,578,577,577,589,2021
TR055,Radiation Therapy,577,566,566,577,2021
TR056,Human Health and Disease,565,,564,578,2020
TR060,Biological and Biomedical Sciences,578,577,577,590,2021
TR061,Chemical Sciences,,,488,520,2019
TR062,Geography and Geoscience,,,435,485,2019
TR063,Physical Sciences,,,498,543,2019
TR064,Environmental Science and Engineering,555,,555,578,2021
TR072,Pharmacy,590,,590,613,2020
TR080,Global Business,,,565,577,2019
TR081,"Business, Economic and Social Studies (BESS)",543,543,543,565,2020
TR082,Computer Science and Business,,,510,542,2019
TR083,Sociology and Social Policy,498,487,478,513,2020
TR084,Social Studies (Social Work),462,,462,495,2020
TR085,Business Studies and French,,,509,553,2019
TR086,Business Studies and German,530,,530,533,2021
TR087,Business Studies and Russian,474,465,456,488,2020
TR089,Business Studies and Polish,,,393,434,2019
TR090,Business Studies and Spanish,531,,531,542,2020
TR091,General Nursing (Meath and St James`s),429,,429,455,2020
TR093,General Nursing (Adelaide School of Nursing),430,429,414,441,2020
TR095,Mental Health Nursing,442,,432,455,2021
TR097,Intellectual Disability Nursing,,,346,350,2019
TR111,Ancient History and Archaeology/Geography,352,,352,429,2020
TR112,Ancient History and Archaeology/History,577,,577,577,2021
TR113,Ancient History and Archaeology/History of Art and Architecture,528,,528,541,2021
TR114,Ancient History and Archaeology/Modern Language,337,,337,420,2020
TR117,Ancient History and Archaeology/Religion,494,,494,625,2021
TR166,Classical Civilisation/English Literature,552,,552,567,2021
TR173,Classical Civilisation/History of Art and Architecture,335,,335,466,2020
TR177,Classical Civilisation/Modern Language,484,,484,543,2021
TR179,Classical Civilisation/Philosophy,508,,521,522,2021
TR188,Computer Science/Business Studies,584,,584,602,2021
TR198,Economics/Geography,534,,534,552,2020
TR202,Economics/History,534,,534,566,2020
TR207,Economics/Mathematics,566,,566,601,2020
TR208,Economics/Modern Language,589,,589,611,2021
TR209,Economics/Philosophy,534,,534,576,2020
TR212,Economics/Sociology,589,,589,606,2021
TR214,Social Policy/Economics,611,,611,611,2021
TR228,Classical Languages/English Literature,498,,498,533,2020
TR230,Classical Languages/Linguistics,501,,501,501,2021
TR231,Classical Languages/History of Art and Architecture,349,,349,444,2020
TR233,"Classical Languages/Middle Eastern,Jewish and Islamic Civilisations",349,,349,566,2020
TR239,Classical Languages/Modern Language,543,,543,558,2021
TR240,Computer Science/Geography,482,,482,541,2021
TR241,Computer Science/Linguistics,495,,495,532,2021
TR262,English Literature/History,529,,529,552,2020
TR263,English Literature/History of Art and Architecture,498,497,497,533,2020
TR269,English Literature/Philosophy,499,,495,532,2020
TR272,English Literature/Sociology,498,,498,519,2020
TR276,English Literature/Drama Studies,555,,555,589,2021
TR277,English Literature/Modern Language,498,495,489,543,2020
TR311,Film/Drama Studies,521,,521,557,2020
TR312,Film/English Literature,521,,521,541,2020
TR320,Film/Music,584,,584,601,2021
TR322,Geography/History,578,,613,613,2021
TR323,Drama Studies/Modern Language,495,,495,589,2021
TR324,Film/Modern Language,577,,577,589,2021
TR325,Film/History,578,,613,613,2021
TR326,Geography/Modern Language,451,,451,500,2021
TR328,Political Science/Geography,564,,564,590,2021
TR332,Geography/Sociology,522,,522,554,2021
TR443,History/History of Art and Architecture,581,,581,613,2021
TR447,History/Modern Language,529,,529,554,2020
TR449,History/Philosophy,529,,529,543,2020
TR452,History/Sociology,529,,529,534,2020
TR454,History/Religion,529,,529,534,2020
TR455,History of Art and Architecture/Modern Language,451,,451,512,2021
TR457,History/Political Science,576,,576,590,2021
TR479,History of Art and Architecture/Philosophy,499,,485,555,2020
TR482,Sociology/History of Art and Architecture,522,,522,541,2021
TR547,"Middle Eastern,Jewish and Islamic Civ./Ancient History and Archaeology",337,,337,473,2020
TR548,"Middle Eastern,Jewish and Islamic Civilisations/Classical Civilisation",335,,335,543,2020
TR554,"Middle Eastern,Jewish and Islamic Civilisations/History",576,,576,580,2021
TR563,"Middle Eastern,Jewish and Islamic Civilisations/Modern Language",335,,335,451,2020
TR564,"Middle Eastern,Jewish and Islamic Civilisations/Music",,,,,2021
TR565,"Middle Eastern,Jewish and Islamic Civilisations/Religion",999,949,949,,2021
TR580,Business Studies/Law,625,,625,625,2021
TR581,History/Law,625,,625,625,2021
TR582,Political Science/Law,625,,625,625,2021
TR587,"Middle Eastern,Jewish and Islamic Civilisations/Linguistics",,,,,2021
TR588,Linguistics/Modern Language,456,,456,519,2021
TR589,Linguistics/Philosophy,520,,520,553,2021
TR592,"Sociology/Middle Eastern,Jewish and Islamic Civilisations",531,,531,539,2021
TR597,Mathematics/Modern Language,566,,566,625,2020
TR598,Mathematics/Music,566,,566,,2020
TR599,Mathematics/Philosophy,566,,566,589,2020
TR629,Music/Philosophy,499,,499,,2020
TR635,Music/Drama Studies,532,,532,532,2021
TR636,Music/Modern Language,530,,530,555,2021
TR638,Music/Religion,,,,,2021
TR639,Philosophy/Modern Language,499,,499,613,2020
TR662,Philosophy/Sociology,499,,499,531,2020
TR663,Religion/Classical Civilisation,418,,418,442,2021
TR664,Religion/English Literature,968,,966,,2021
TR665,Religion/History of Art and Architecture,342,,342,452,2020
TR666,Religion/Modern Language,,,,,2020
TR667,French/Modern Language,403,,403,478,2020
TR668,German/Modern Language,389,,389,465,2020
TR669,Irish/Modern Language,464,,464,533,2021
TR670,Italian/Modern Language,381,,381,466,2020
TR671,Russian/Modern Language,501,,501,525,2021
TR672,Spanish/Modern Language,486,,486,552,2021
TR755,Sociology/Drama Studies,498,,498,543,2020
TR756,Sociology/Modern Language,522,,522,545,2021
TR757,Modern Language/Social Policy,555,,555,566,2021
TR758,Social Policy/Political Science,566,,566,597,2021
TR759,Sociology/Social Policy,554,,554,579,2021
TR911,Children`s and General Nursing (Integrated),511,510,499,521,2020
TR913,Midwifery,478,477,473,508,2020
TU801,Biomedical Design,235,,235,381,2020
TU802,Electrical Services and Energy Management,309,,290,359,2021
TU803,Electronic Engineering,243,243,243,337,2020
TU804,Engineering (Common Entry with Award options),271,,271,338,2020
TU805,Engineering (General Entry),402,,402,466,2020
TU806,Sustainable Energy Engineering,262,,262,318,2020
TU807,Computer Engineering in Mobile Systems,276,,276,305,2020
TU808,Engineering Software,260,260,260,339,2020
TU809,Mechanical Engineering,235,,235,347,2020
TU810,Mechatronic Engineering,270,,271,312,2020
TU811,Product Design,440,434,434,479,2021
TU812,"Design,Technology and Innovation",278,,278,335,2021
TU813,Automation Engineering,218,218,218,339,2020
TU814,Transport Operations and Technology,285,251,251,372,2020
TU828,Mechanical Engineering (General Entry),300,,300,386,2021
TU829,Electronic Engineering (General Entry),248,248,243,354,2021
TU831,Architectural Technology,423,,423,455,2021
TU832,Architecture (Suitability Test and Interview),644,638,638,682,2021
TU833,Construction Management,396,,396,429,2021
TU834,Geographic Science,315,,315,370,2021
TU835,Planning and Environmental Management,313,,313,349,2020
TU836,Property Economics (Valuation Surveying),401,,401,433,2020
TU837,Quantity Surveying and Construction Economics,413,,413,455,2021
TU838,Sustainable Timber Technology,307,271,271,385,2021
TU851,Analytical Chemistry (Environmental Forensic and Pharmaceutical),349,,349,419,2020
TU852,Chemical Sciences with Medicinal Chemistry,477,,477,499,2021
TU854,Science (General Entry),476,,476,495,2020
TU855,Science with Nanotechnology,331,319,319,368,2020
TU856,Computer Science,499,,499,531,2021
TU857,Computer Science (Infrastructure),391,,391,419,2020
TU858,Computer Science (International),395,,395,444,2021
TU859,Computing,217,234,217,308,2020
TU860,Computing (Information Technology),260,,260,329,2020
TU861,Computing with Language (French/German/Spanish),308,308,308,348,2020
TU862,Computing with Artificial Intelligence Machine Learning,262,,262,310,2021
TU863,Digital Forensics and Cyber Security,280,,280,338,2020
TU864,DNA and Forensic Analysis,400,390,390,429,2020
TU865,Cloud Computing,235,,235,308,2021
TU866,Biomedical and Molecular Diagnostics,522,,522,540,2021
TU867,Biomedical Science,524,,524,542,2020
TU868,Clinical Measurement Science,510,,510,520,2020
TU869,Environmental Health,387,,387,434,2021
TU870,Human Nutrition and Dietetics,601,,600,613,2021
TU871,Optometry,532,,532,544,2021
TU872,Public Health Nutrition,487,,487,521,2021
TU873,Industrial Mathematics,250,250,250,392,2020
TU874,Mathematical Sciences,341,,343,407,2020
TU875,Pharmaceutical Healthcare,451,,451,477,2021
TU876,Pharmaceutical Science,445,,445,474,2021
TU877,Physics Technology,314,314,314,422,2021
TU878,Physics with Energy and Environment,337,337,331,444,2020
TU879,Physics with Medical Physics and Bioengineering,346,,346,430,2021
TU880,Physics with Data Science,412,,412,532,2021
TU881,Food Innovation,318,,318,389,2020
TU882,Nutraceuticals in Health and Nutrition,380,,380,447,2021
TU901,Business,270,,270,307,2020
TU902,Business (options),270,,270,327,2021
TU903,Business and Management,463,,463,485,2020
TU904,Business and Law,462,,462,486,2021
TU905,Economics and Finance,460,,460,488,2021
TU906,Human Resource Management,386,377,377,412,2021
TU907,Logistics and Supply Chain Management,300,,300,367,2021
TU908,Management,262,253,253,337,2020
TU909,Accounting and Finance,285,,285,326,2020
TU910,Accounting and Finance,444,,444,466,2020
TU911,Accounting and Finance,209,192,192,319,2020
TU912,Business Analytics,331,311,311,367,2021
TU913,Business and Information Technology,252,,252,299,2020
TU914,Business Computing,322,,322,377,2021
TU915,International Business,252,,252,302,2020
TU916,International Business,235,235,235,337,2020
TU917,Law (LLB ) with a Language,342,,342,433,2020
TU918,Law (LLB),451,,451,478,2020
TU919,Advertising and Marketing Communications,228,226,226,311,2020
TU920,Digital Marketing,270,,270,318,2020
TU921,Digital Marketing Technologies,212,212,234,300,2020
TU922,Marketing,418,,418,443,2020
TU923,Marketing Management,228,276,228,318,2020
TU924,E-Commerce in Retailing,307,,307,380,2020
TU925,Retail and Services Management,301,,301,362,2020
TU932,Business (options),211,,211,337,2021
TU933,Accounting and Finance (campus options),251,,251,346,2021
TU935,Sports Management and Coaching,300,,300,368,2021
TU936,Sports Science and Health,484,,484,498,2021
TU941,Botanical Cuisine,311,,311,380,2021
TU942,Culinary Arts,212,212,212,340,2020
TU943,Culinary Entrepreneurship,261,,261,387,2021
TU944,Culinary Science,336,,336,393,2021
TU951,International Hospitality and Tourism Management,184,184,200,298,2020
TU952,International Hospitality Management,300,,306,368,2020
TU953,Tourism and Digital Marketing,290,,290,359,2020
TU954,Event Management,326,,326,402,2021
TU955,Sports and Leisure Management,275,,275,349,2021
TU961,Commercial Modern Music (BIMM - assessment/audition),536,536,536,881,2021
TU962,"Drama (Performance, audition)",448,,448,551,2021
TU963,Music (audition),364,,364,561,2021
TU965,International Business and Languages,356,346,346,413,2020
TU966,Languages and English Studies,366,,434,466,2020
TU967,Languages and International Tourism,308,,326,388,2020
TU971,Contemporary Visual Culture,290,,290,320,2020
TU972,Creative and Cultural Industries,281,,281,369,2020
TU973,Design - Visual Communication,717,,717,865,2020
TU974,Fine Art (portfolio),549,,549,704,2021
TU975,Interior Design (portfolio),544,,544,919,2021
TU976,Photography (portfolio),700,,700,952,2021
TU978,Creative Industries and Visual Culture,299,,299,440,2021
TU981,Creative Digital Media,280,,280,347,2021
TU982,Media Production and Digital Arts,369,,369,412,2021
TU983,Film and Broadcasting,462,453,453,496,2021
TU984,Game Design,381,,381,419,2020
TU985,Journalism,367,,367,409,2021
TU986,Print Media Technology and Management,289,,289,300,2020
TU989,Early Childhood Care and Education (campus options),270,,270,337,2021
TU991,Applied Social Studies in Social Care,326,,326,356,2021
TU992,Community Development and Youth Work,251,,251,311,2021
TU993,Early Childhood Care and Education,270,,270,311,2020
TU994,Early Childhood Care and Education,321,251,230,304,2020
TU995,Early Childhood Education,378,,378,412,2021
TU996,Social Care,407,,407,440,2021
TU997,Applied Social Care,320,,320,368,2021
WD001,Applied Computing (options),260,260,260,413,2020
WD002,Science (options),308,,308,388,2020
WD005,Health Sciences (options),280,,280,338,2020
WD006,Exercise Sciences (options),280,,280,359,2020
WD007,Engineering (options),270,270,270,432,2021
WD025,Construction Management and Engineering,,,269,327,2019
WD027,Music,262,,262,409,2020
WD048,Business (options),,,278,357,2019
WD084,Accounting,308,,308,411,2020
WD091,Hospitality Management,228,,228,310,2020
WD116,General Nursing,422,,422,451,2020
WD117,Psychiatric Nursing,,,361,382,2019
WD120,Intellectual Disability Nursing,,,338,359,2019
WD134,International Business,,,289,350,2019
WD137,Design (Visual Communications),,,253,373,2019
WD140,Laws,280,,280,394,2021
WD144,Architecture,284,,284,359,2020
WD147,Pharmaceutical Science,,,298,363,2019
WD148,Tourism Marketing,,,269,338,2019
WD149,Early Childhood Studies,,,288,336,2019
WD150,Criminal Justice Studies,270,,270,331,2020
WD152,Visual Art,,,,317,2020
WD161,Computer Forensics and Security,255,,255,380,2020
WD162,Quantity Surveying,216,,216,306,2020
WD163,Psychology,434,,434,473,2020
WD186,Sports Coaching and Performance,261,,261,358,2021
WD187,Social Science,,,271,321,2019
WD191,Agricultural Science,,,378,421,2019
WD192,Social Care Practice,,,279,323,2019
WD193,Marketing and Digital Media,,,290,358,2019
WD194,Culinary Arts,237,,237,321,2021
WD195,Architectural and Building Information Modelling Technology,279,,279,367,2020
WD200,Arts (options),201,201,201,376,2021
WD210,Software Systems Development,260,,260,373,2021
WD211,Creative Computing,,,275,322,2019
WD212,Recreation and Sport Management,270,,270,349,2020
WD230,Mechanical and Manufacturing Engineering,,,273,348,2019
WD231,Early Childhood Care and Education,266,,266,366,2021
WD232,Business Information Systems,261,261,261,329,2021
